dataset_name,dbms,template_id,queries,query_count
dsb_s100,PostgreSQL,1,agg_queries_query085_35.sql;agg_queries_query085_4.sql;agg_queries_query085_79.sql;agg_queries_query085_94.sql;agg_queries_query085_34.sql;agg_queries_query085_0.sql;agg_queries_query085_99.sql;agg_queries_query085_64.sql;agg_queries_query085_84.sql;agg_queries_query085_37.sql;agg_queries_query085_66.sql;agg_queries_query085_36.sql;agg_queries_query085_6.sql;agg_queries_query085_49.sql;agg_queries_query085_26.sql;agg_queries_query085_20.sql;agg_queries_query085_82.sql;agg_queries_query085_48.sql;agg_queries_query085_93.sql;agg_queries_query085_87.sql;agg_queries_query085_38.sql;agg_queries_query085_55.sql;agg_queries_query085_85.sql;agg_queries_query085_24.sql;agg_queries_query085_51.sql;agg_queries_query085_60.sql;agg_queries_query085_41.sql;agg_queries_query085_31.sql;agg_queries_query085_53.sql;agg_queries_query085_92.sql;agg_queries_query085_56.sql;agg_queries_query085_1.sql;agg_queries_query085_16.sql;agg_queries_query085_63.sql;agg_queries_query085_58.sql;agg_queries_query085_74.sql;agg_queries_query085_46.sql;agg_queries_query085_62.sql;agg_queries_query085_95.sql;agg_queries_query085_5.sql;agg_queries_query085_15.sql;agg_queries_query085_42.sql;agg_queries_query085_3.sql;agg_queries_query085_22.sql;agg_queries_query085_52.sql;agg_queries_query085_45.sql;agg_queries_query085_76.sql;agg_queries_query085_70.sql;agg_queries_query085_23.sql;agg_queries_query085_30.sql;agg_queries_query085_98.sql;agg_queries_query085_77.sql;agg_queries_query085_54.sql;agg_queries_query085_14.sql;agg_queries_query085_67.sql;agg_queries_query085_19.sql;agg_queries_query085_10.sql;agg_queries_query085_69.sql;agg_queries_query085_81.sql;agg_queries_query085_44.sql;agg_queries_query085_57.sql;agg_queries_query085_80.sql;agg_queries_query085_21.sql;agg_queries_query085_28.sql;agg_queries_query085_39.sql;agg_queries_query085_7.sql;agg_queries_query085_50.sql;agg_queries_query085_72.sql;agg_queries_query085_65.sql;agg_queries_query085_12.sql;agg_queries_query085_47.sql;agg_queries_query085_83.sql;agg_queries_query085_11.sql;agg_queries_query085_75.sql;agg_queries_query085_43.sql;agg_queries_query085_18.sql;agg_queries_query085_61.sql;agg_queries_query085_88.sql;agg_queries_query085_71.sql;agg_queries_query085_9.sql;agg_queries_query085_17.sql;agg_queries_query085_2.sql;agg_queries_query085_86.sql;agg_queries_query085_25.sql;agg_queries_query085_78.sql;agg_queries_query085_40.sql;agg_queries_query085_89.sql;agg_queries_query085_96.sql;agg_queries_query085_68.sql;agg_queries_query085_33.sql;agg_queries_query085_8.sql;agg_queries_query085_32.sql;agg_queries_query085_27.sql;agg_queries_query085_97.sql;agg_queries_query085_90.sql;agg_queries_query085_29.sql;agg_queries_query085_91.sql;agg_queries_query085_59.sql;agg_queries_query085_73.sql;agg_queries_query085_13.sql,100
dsb_s100,PostgreSQL,2,multi_block_queries_query092_58.sql;multi_block_queries_query092_50.sql;multi_block_queries_query092_76.sql;multi_block_queries_query092_65.sql;multi_block_queries_query092_31.sql;multi_block_queries_query092_9.sql;multi_block_queries_query092_20.sql;multi_block_queries_query092_12.sql;multi_block_queries_query092_19.sql;multi_block_queries_query092_48.sql;multi_block_queries_query092_32.sql;multi_block_queries_query092_23.sql;multi_block_queries_query092_73.sql;multi_block_queries_query092_21.sql;multi_block_queries_query092_18.sql;multi_block_queries_query092_77.sql;multi_block_queries_query092_94.sql;multi_block_queries_query092_74.sql;multi_block_queries_query092_13.sql;multi_block_queries_query092_86.sql;multi_block_queries_query092_47.sql;multi_block_queries_query092_53.sql;multi_block_queries_query092_91.sql;multi_block_queries_query092_16.sql;multi_block_queries_query092_2.sql;multi_block_queries_query092_98.sql;multi_block_queries_query092_29.sql;multi_block_queries_query092_8.sql;multi_block_queries_query092_49.sql;multi_block_queries_query092_95.sql;multi_block_queries_query092_36.sql;multi_block_queries_query092_64.sql;multi_block_queries_query092_72.sql;multi_block_queries_query092_27.sql;multi_block_queries_query092_81.sql;multi_block_queries_query092_28.sql;multi_block_queries_query092_43.sql;multi_block_queries_query092_60.sql;multi_block_queries_query092_96.sql;multi_block_queries_query092_97.sql;multi_block_queries_query092_52.sql;multi_block_queries_query092_67.sql;multi_block_queries_query092_37.sql;multi_block_queries_query092_33.sql;multi_block_queries_query092_82.sql;multi_block_queries_query092_54.sql;multi_block_queries_query092_46.sql;multi_block_queries_query092_39.sql;multi_block_queries_query092_38.sql;multi_block_queries_query092_78.sql;multi_block_queries_query092_26.sql;multi_block_queries_query092_1.sql;multi_block_queries_query092_68.sql;multi_block_queries_query092_45.sql;multi_block_queries_query092_85.sql;multi_block_queries_query092_41.sql;multi_block_queries_query092_61.sql;multi_block_queries_query092_88.sql;multi_block_queries_query092_34.sql;multi_block_queries_query092_79.sql;multi_block_queries_query092_11.sql;multi_block_queries_query092_10.sql;multi_block_queries_query092_75.sql;multi_block_queries_query092_90.sql;multi_block_queries_query092_87.sql;multi_block_queries_query092_7.sql;multi_block_queries_query092_4.sql;multi_block_queries_query092_57.sql;multi_block_queries_query092_5.sql;multi_block_queries_query092_93.sql;multi_block_queries_query092_15.sql;multi_block_queries_query092_3.sql;multi_block_queries_query092_70.sql;multi_block_queries_query092_99.sql;multi_block_queries_query092_6.sql;multi_block_queries_query092_14.sql;multi_block_queries_query092_84.sql;multi_block_queries_query092_24.sql;multi_block_queries_query092_62.sql;multi_block_queries_query092_42.sql;multi_block_queries_query092_35.sql;multi_block_queries_query092_80.sql;multi_block_queries_query092_59.sql;multi_block_queries_query092_83.sql;multi_block_queries_query092_71.sql;multi_block_queries_query092_40.sql;multi_block_queries_query092_25.sql;multi_block_queries_query092_51.sql;multi_block_queries_query092_63.sql;multi_block_queries_query092_69.sql;multi_block_queries_query092_30.sql;multi_block_queries_query092_66.sql;multi_block_queries_query092_44.sql;multi_block_queries_query092_22.sql;multi_block_queries_query092_89.sql;multi_block_queries_query092_56.sql;multi_block_queries_query092_92.sql;multi_block_queries_query092_17.sql;multi_block_queries_query092_0.sql;multi_block_queries_query092_55.sql,100
dsb_s100,PostgreSQL,3,multi_block_queries_query065_25.sql;multi_block_queries_query065_79.sql;multi_block_queries_query065_64.sql;multi_block_queries_query065_74.sql;multi_block_queries_query065_37.sql;multi_block_queries_query065_84.sql;multi_block_queries_query065_76.sql;multi_block_queries_query065_93.sql;multi_block_queries_query065_72.sql;multi_block_queries_query065_68.sql;multi_block_queries_query065_53.sql;multi_block_queries_query065_57.sql;multi_block_queries_query065_38.sql;multi_block_queries_query065_26.sql;multi_block_queries_query065_59.sql;multi_block_queries_query065_21.sql;multi_block_queries_query065_29.sql;multi_block_queries_query065_73.sql;multi_block_queries_query065_58.sql;multi_block_queries_query065_97.sql;multi_block_queries_query065_4.sql;multi_block_queries_query065_66.sql;multi_block_queries_query065_88.sql;multi_block_queries_query065_3.sql;multi_block_queries_query065_92.sql;multi_block_queries_query065_69.sql;multi_block_queries_query065_28.sql;multi_block_queries_query065_13.sql;multi_block_queries_query065_83.sql;multi_block_queries_query065_47.sql;multi_block_queries_query065_80.sql;multi_block_queries_query065_81.sql;multi_block_queries_query065_42.sql;multi_block_queries_query065_96.sql;multi_block_queries_query065_77.sql;multi_block_queries_query065_22.sql;multi_block_queries_query065_65.sql;multi_block_queries_query065_75.sql;multi_block_queries_query065_62.sql;multi_block_queries_query065_78.sql;multi_block_queries_query065_10.sql;multi_block_queries_query065_24.sql;multi_block_queries_query065_32.sql;multi_block_queries_query065_17.sql;multi_block_queries_query065_23.sql;multi_block_queries_query065_40.sql;multi_block_queries_query065_49.sql;multi_block_queries_query065_18.sql;multi_block_queries_query065_0.sql;multi_block_queries_query065_20.sql;multi_block_queries_query065_98.sql;multi_block_queries_query065_60.sql;multi_block_queries_query065_39.sql;multi_block_queries_query065_86.sql;multi_block_queries_query065_31.sql;multi_block_queries_query065_45.sql;multi_block_queries_query065_91.sql;multi_block_queries_query065_51.sql;multi_block_queries_query065_89.sql;multi_block_queries_query065_15.sql;multi_block_queries_query065_7.sql;multi_block_queries_query065_54.sql;multi_block_queries_query065_14.sql;multi_block_queries_query065_61.sql;multi_block_queries_query065_36.sql;multi_block_queries_query065_5.sql;multi_block_queries_query065_56.sql;multi_block_queries_query065_87.sql;multi_block_queries_query065_95.sql;multi_block_queries_query065_1.sql;multi_block_queries_query065_85.sql;multi_block_queries_query065_90.sql;multi_block_queries_query065_50.sql;multi_block_queries_query065_8.sql;multi_block_queries_query065_94.sql;multi_block_queries_query065_55.sql;multi_block_queries_query065_48.sql;multi_block_queries_query065_70.sql;multi_block_queries_query065_9.sql;multi_block_queries_query065_34.sql;multi_block_queries_query065_30.sql;multi_block_queries_query065_43.sql;multi_block_queries_query065_16.sql;multi_block_queries_query065_35.sql;multi_block_queries_query065_6.sql;multi_block_queries_query065_46.sql;multi_block_queries_query065_44.sql;multi_block_queries_query065_99.sql;multi_block_queries_query065_41.sql;multi_block_queries_query065_63.sql;multi_block_queries_query065_52.sql;multi_block_queries_query065_2.sql;multi_block_queries_query065_33.sql;multi_block_queries_query065_12.sql;multi_block_queries_query065_71.sql;multi_block_queries_query065_19.sql;multi_block_queries_query065_11.sql;multi_block_queries_query065_27.sql;multi_block_queries_query065_82.sql;multi_block_queries_query065_67.sql,100
dsb_s100,PostgreSQL,4,agg_queries_query099_77.sql;agg_queries_query099_60.sql;agg_queries_query099_61.sql;agg_queries_query099_74.sql;agg_queries_query099_16.sql;agg_queries_query099_32.sql;agg_queries_query099_66.sql;agg_queries_query099_55.sql;agg_queries_query099_64.sql;agg_queries_query099_1.sql;agg_queries_query099_67.sql;agg_queries_query099_53.sql;agg_queries_query099_13.sql;agg_queries_query099_56.sql;agg_queries_query099_31.sql;agg_queries_query099_8.sql;agg_queries_query099_95.sql;agg_queries_query099_30.sql;agg_queries_query099_20.sql;agg_queries_query099_84.sql;agg_queries_query099_39.sql;agg_queries_query099_0.sql;agg_queries_query099_37.sql;agg_queries_query099_59.sql;agg_queries_query099_99.sql;agg_queries_query099_25.sql;agg_queries_query099_82.sql;agg_queries_query099_12.sql;agg_queries_query099_83.sql;agg_queries_query099_47.sql;agg_queries_query099_11.sql;agg_queries_query099_73.sql;agg_queries_query099_15.sql;agg_queries_query099_45.sql;agg_queries_query099_50.sql;agg_queries_query099_57.sql;agg_queries_query099_19.sql;agg_queries_query099_88.sql;agg_queries_query099_27.sql;agg_queries_query099_80.sql;agg_queries_query099_71.sql;agg_queries_query099_3.sql;agg_queries_query099_41.sql;agg_queries_query099_70.sql;agg_queries_query099_36.sql;agg_queries_query099_76.sql;agg_queries_query099_5.sql;agg_queries_query099_4.sql;agg_queries_query099_6.sql;agg_queries_query099_21.sql;agg_queries_query099_81.sql;agg_queries_query099_40.sql;agg_queries_query099_34.sql;agg_queries_query099_44.sql;agg_queries_query099_38.sql;agg_queries_query099_86.sql;agg_queries_query099_96.sql;agg_queries_query099_75.sql;agg_queries_query099_18.sql;agg_queries_query099_58.sql;agg_queries_query099_54.sql;agg_queries_query099_94.sql;agg_queries_query099_28.sql;agg_queries_query099_65.sql;agg_queries_query099_91.sql;agg_queries_query099_90.sql;agg_queries_query099_48.sql;agg_queries_query099_2.sql;agg_queries_query099_23.sql;agg_queries_query099_26.sql;agg_queries_query099_17.sql;agg_queries_query099_33.sql;agg_queries_query099_93.sql;agg_queries_query099_22.sql;agg_queries_query099_72.sql;agg_queries_query099_46.sql;agg_queries_query099_29.sql;agg_queries_query099_51.sql;agg_queries_query099_9.sql;agg_queries_query099_79.sql;agg_queries_query099_49.sql;agg_queries_query099_24.sql;agg_queries_query099_97.sql;agg_queries_query099_52.sql;agg_queries_query099_63.sql;agg_queries_query099_7.sql;agg_queries_query099_78.sql;agg_queries_query099_87.sql;agg_queries_query099_43.sql;agg_queries_query099_92.sql;agg_queries_query099_10.sql;agg_queries_query099_42.sql;agg_queries_query099_14.sql;agg_queries_query099_89.sql;agg_queries_query099_35.sql;agg_queries_query099_98.sql;agg_queries_query099_62.sql;agg_queries_query099_85.sql;agg_queries_query099_69.sql;agg_queries_query099_68.sql,100
dsb_s100,PostgreSQL,5,multi_block_queries_query059_72.sql;multi_block_queries_query059_24.sql;multi_block_queries_query059_9.sql;multi_block_queries_query059_7.sql;multi_block_queries_query059_40.sql;multi_block_queries_query059_96.sql;multi_block_queries_query059_71.sql;multi_block_queries_query059_33.sql;multi_block_queries_query059_26.sql;multi_block_queries_query059_70.sql;multi_block_queries_query059_43.sql;multi_block_queries_query059_56.sql;multi_block_queries_query059_49.sql;multi_block_queries_query059_89.sql;multi_block_queries_query059_88.sql;multi_block_queries_query059_22.sql;multi_block_queries_query059_20.sql;multi_block_queries_query059_53.sql;multi_block_queries_query059_2.sql;multi_block_queries_query059_52.sql;multi_block_queries_query059_44.sql;multi_block_queries_query059_38.sql;multi_block_queries_query059_4.sql;multi_block_queries_query059_23.sql;multi_block_queries_query059_48.sql;multi_block_queries_query059_3.sql;multi_block_queries_query059_59.sql;multi_block_queries_query059_31.sql;multi_block_queries_query059_95.sql;multi_block_queries_query059_1.sql;multi_block_queries_query059_32.sql;multi_block_queries_query059_41.sql;multi_block_queries_query059_74.sql;multi_block_queries_query059_80.sql;multi_block_queries_query059_51.sql;multi_block_queries_query059_37.sql;multi_block_queries_query059_45.sql;multi_block_queries_query059_54.sql;multi_block_queries_query059_19.sql;multi_block_queries_query059_12.sql;multi_block_queries_query059_82.sql;multi_block_queries_query059_50.sql;multi_block_queries_query059_14.sql;multi_block_queries_query059_25.sql;multi_block_queries_query059_67.sql;multi_block_queries_query059_99.sql;multi_block_queries_query059_85.sql;multi_block_queries_query059_58.sql;multi_block_queries_query059_47.sql;multi_block_queries_query059_39.sql;multi_block_queries_query059_90.sql;multi_block_queries_query059_87.sql;multi_block_queries_query059_34.sql;multi_block_queries_query059_13.sql;multi_block_queries_query059_55.sql;multi_block_queries_query059_91.sql;multi_block_queries_query059_60.sql;multi_block_queries_query059_29.sql;multi_block_queries_query059_81.sql;multi_block_queries_query059_79.sql;multi_block_queries_query059_0.sql;multi_block_queries_query059_65.sql;multi_block_queries_query059_73.sql;multi_block_queries_query059_6.sql;multi_block_queries_query059_78.sql;multi_block_queries_query059_76.sql;multi_block_queries_query059_8.sql;multi_block_queries_query059_83.sql;multi_block_queries_query059_94.sql;multi_block_queries_query059_30.sql;multi_block_queries_query059_63.sql;multi_block_queries_query059_68.sql;multi_block_queries_query059_84.sql;multi_block_queries_query059_10.sql;multi_block_queries_query059_21.sql;multi_block_queries_query059_92.sql;multi_block_queries_query059_11.sql;multi_block_queries_query059_15.sql;multi_block_queries_query059_36.sql;multi_block_queries_query059_75.sql;multi_block_queries_query059_69.sql;multi_block_queries_query059_57.sql;multi_block_queries_query059_46.sql;multi_block_queries_query059_27.sql;multi_block_queries_query059_42.sql;multi_block_queries_query059_18.sql;multi_block_queries_query059_28.sql;multi_block_queries_query059_17.sql;multi_block_queries_query059_16.sql;multi_block_queries_query059_77.sql;multi_block_queries_query059_62.sql;multi_block_queries_query059_5.sql;multi_block_queries_query059_61.sql;multi_block_queries_query059_86.sql;multi_block_queries_query059_98.sql;multi_block_queries_query059_66.sql;multi_block_queries_query059_64.sql;multi_block_queries_query059_97.sql;multi_block_queries_query059_35.sql;multi_block_queries_query059_93.sql,100
dsb_s100,PostgreSQL,6,multi_block_queries_query087_37.sql;multi_block_queries_query087_14.sql;multi_block_queries_query087_7.sql;multi_block_queries_query087_4.sql;multi_block_queries_query087_3.sql;multi_block_queries_query087_1.sql;multi_block_queries_query087_74.sql;multi_block_queries_query087_85.sql;multi_block_queries_query087_31.sql;multi_block_queries_query087_79.sql;multi_block_queries_query087_13.sql;multi_block_queries_query087_60.sql;multi_block_queries_query087_26.sql;multi_block_queries_query087_98.sql;multi_block_queries_query087_58.sql;multi_block_queries_query087_80.sql;multi_block_queries_query087_43.sql;multi_block_queries_query087_53.sql;multi_block_queries_query087_62.sql;multi_block_queries_query087_25.sql;multi_block_queries_query087_0.sql;multi_block_queries_query087_41.sql;multi_block_queries_query087_95.sql;multi_block_queries_query087_49.sql;multi_block_queries_query087_48.sql;multi_block_queries_query087_18.sql;multi_block_queries_query087_30.sql;multi_block_queries_query087_34.sql;multi_block_queries_query087_44.sql;multi_block_queries_query087_82.sql;multi_block_queries_query087_47.sql;multi_block_queries_query087_90.sql;multi_block_queries_query087_61.sql;multi_block_queries_query087_22.sql;multi_block_queries_query087_94.sql;multi_block_queries_query087_24.sql;multi_block_queries_query087_69.sql;multi_block_queries_query087_86.sql;multi_block_queries_query087_59.sql;multi_block_queries_query087_97.sql;multi_block_queries_query087_45.sql;multi_block_queries_query087_10.sql;multi_block_queries_query087_84.sql;multi_block_queries_query087_57.sql;multi_block_queries_query087_67.sql;multi_block_queries_query087_88.sql;multi_block_queries_query087_16.sql;multi_block_queries_query087_39.sql;multi_block_queries_query087_71.sql;multi_block_queries_query087_92.sql;multi_block_queries_query087_81.sql;multi_block_queries_query087_96.sql;multi_block_queries_query087_40.sql;multi_block_queries_query087_52.sql;multi_block_queries_query087_19.sql;multi_block_queries_query087_89.sql;multi_block_queries_query087_17.sql;multi_block_queries_query087_12.sql;multi_block_queries_query087_51.sql;multi_block_queries_query087_93.sql;multi_block_queries_query087_91.sql;multi_block_queries_query087_65.sql;multi_block_queries_query087_36.sql;multi_block_queries_query087_38.sql;multi_block_queries_query087_15.sql;multi_block_queries_query087_50.sql;multi_block_queries_query087_87.sql;multi_block_queries_query087_32.sql;multi_block_queries_query087_35.sql;multi_block_queries_query087_66.sql;multi_block_queries_query087_8.sql;multi_block_queries_query087_63.sql;multi_block_queries_query087_27.sql;multi_block_queries_query087_55.sql;multi_block_queries_query087_72.sql;multi_block_queries_query087_5.sql;multi_block_queries_query087_78.sql;multi_block_queries_query087_73.sql;multi_block_queries_query087_83.sql;multi_block_queries_query087_68.sql;multi_block_queries_query087_42.sql;multi_block_queries_query087_64.sql;multi_block_queries_query087_29.sql;multi_block_queries_query087_21.sql;multi_block_queries_query087_70.sql;multi_block_queries_query087_76.sql;multi_block_queries_query087_2.sql;multi_block_queries_query087_11.sql;multi_block_queries_query087_20.sql;multi_block_queries_query087_77.sql;multi_block_queries_query087_6.sql;multi_block_queries_query087_56.sql;multi_block_queries_query087_54.sql;multi_block_queries_query087_75.sql;multi_block_queries_query087_33.sql;multi_block_queries_query087_46.sql;multi_block_queries_query087_28.sql;multi_block_queries_query087_9.sql;multi_block_queries_query087_99.sql;multi_block_queries_query087_23.sql,100
dsb_s100,PostgreSQL,7,agg_queries_query072_35.sql;agg_queries_query072_0.sql;agg_queries_query072_33.sql;agg_queries_query072_50.sql;agg_queries_query072_14.sql;agg_queries_query072_6.sql;agg_queries_query072_22.sql;agg_queries_query072_87.sql;agg_queries_query072_69.sql;agg_queries_query072_39.sql;agg_queries_query072_66.sql;agg_queries_query072_20.sql;agg_queries_query072_74.sql;agg_queries_query072_99.sql;agg_queries_query072_65.sql;agg_queries_query072_3.sql;agg_queries_query072_63.sql;agg_queries_query072_19.sql;agg_queries_query072_30.sql;agg_queries_query072_46.sql;agg_queries_query072_96.sql;agg_queries_query072_71.sql;agg_queries_query072_29.sql;agg_queries_query072_59.sql;agg_queries_query072_34.sql;agg_queries_query072_27.sql;agg_queries_query072_17.sql;agg_queries_query072_55.sql;agg_queries_query072_51.sql;agg_queries_query072_2.sql;agg_queries_query072_68.sql;agg_queries_query072_76.sql;agg_queries_query072_38.sql;agg_queries_query072_53.sql;agg_queries_query072_43.sql;agg_queries_query072_57.sql;agg_queries_query072_45.sql;agg_queries_query072_80.sql;agg_queries_query072_4.sql;agg_queries_query072_47.sql;agg_queries_query072_62.sql;agg_queries_query072_67.sql;agg_queries_query072_13.sql;agg_queries_query072_77.sql;agg_queries_query072_10.sql;agg_queries_query072_92.sql;agg_queries_query072_61.sql;agg_queries_query072_85.sql;agg_queries_query072_95.sql;agg_queries_query072_7.sql;agg_queries_query072_40.sql;agg_queries_query072_98.sql;agg_queries_query072_72.sql;agg_queries_query072_8.sql;agg_queries_query072_86.sql;agg_queries_query072_81.sql;agg_queries_query072_83.sql;agg_queries_query072_24.sql;agg_queries_query072_70.sql;agg_queries_query072_28.sql;agg_queries_query072_58.sql;agg_queries_query072_54.sql;agg_queries_query072_93.sql;agg_queries_query072_1.sql;agg_queries_query072_90.sql;agg_queries_query072_5.sql;agg_queries_query072_37.sql;agg_queries_query072_91.sql;agg_queries_query072_94.sql;agg_queries_query072_15.sql;agg_queries_query072_78.sql;agg_queries_query072_21.sql;agg_queries_query072_48.sql;agg_queries_query072_31.sql;agg_queries_query072_12.sql;agg_queries_query072_97.sql;agg_queries_query072_44.sql;agg_queries_query072_89.sql;agg_queries_query072_64.sql;agg_queries_query072_73.sql;agg_queries_query072_88.sql;agg_queries_query072_60.sql;agg_queries_query072_84.sql;agg_queries_query072_75.sql;agg_queries_query072_32.sql;agg_queries_query072_36.sql;agg_queries_query072_23.sql;agg_queries_query072_41.sql;agg_queries_query072_11.sql;agg_queries_query072_42.sql;agg_queries_query072_9.sql;agg_queries_query072_49.sql;agg_queries_query072_16.sql;agg_queries_query072_26.sql;agg_queries_query072_52.sql;agg_queries_query072_56.sql;agg_queries_query072_18.sql;agg_queries_query072_25.sql;agg_queries_query072_82.sql;agg_queries_query072_79.sql,100
dsb_s100,PostgreSQL,8,multi_block_queries_query069_55.sql;multi_block_queries_query069_26.sql;multi_block_queries_query069_5.sql;multi_block_queries_query069_61.sql;multi_block_queries_query069_6.sql;multi_block_queries_query069_59.sql;multi_block_queries_query069_76.sql;multi_block_queries_query069_47.sql;multi_block_queries_query069_82.sql;multi_block_queries_query069_88.sql;multi_block_queries_query069_94.sql;multi_block_queries_query069_33.sql;multi_block_queries_query069_46.sql;multi_block_queries_query069_95.sql;multi_block_queries_query069_16.sql;multi_block_queries_query069_23.sql;multi_block_queries_query069_66.sql;multi_block_queries_query069_34.sql;multi_block_queries_query069_77.sql;multi_block_queries_query069_69.sql;multi_block_queries_query069_0.sql;multi_block_queries_query069_78.sql;multi_block_queries_query069_15.sql;multi_block_queries_query069_72.sql;multi_block_queries_query069_11.sql;multi_block_queries_query069_43.sql;multi_block_queries_query069_1.sql;multi_block_queries_query069_87.sql;multi_block_queries_query069_98.sql;multi_block_queries_query069_31.sql;multi_block_queries_query069_92.sql;multi_block_queries_query069_74.sql;multi_block_queries_query069_24.sql;multi_block_queries_query069_25.sql;multi_block_queries_query069_17.sql;multi_block_queries_query069_30.sql;multi_block_queries_query069_12.sql;multi_block_queries_query069_53.sql;multi_block_queries_query069_57.sql;multi_block_queries_query069_45.sql;multi_block_queries_query069_60.sql;multi_block_queries_query069_40.sql;multi_block_queries_query069_80.sql;multi_block_queries_query069_96.sql;multi_block_queries_query069_67.sql;multi_block_queries_query069_79.sql;multi_block_queries_query069_41.sql;multi_block_queries_query069_3.sql;multi_block_queries_query069_10.sql;multi_block_queries_query069_71.sql;multi_block_queries_query069_75.sql;multi_block_queries_query069_14.sql;multi_block_queries_query069_52.sql;multi_block_queries_query069_84.sql;multi_block_queries_query069_90.sql;multi_block_queries_query069_48.sql;multi_block_queries_query069_19.sql;multi_block_queries_query069_63.sql;multi_block_queries_query069_54.sql;multi_block_queries_query069_58.sql;multi_block_queries_query069_27.sql;multi_block_queries_query069_35.sql;multi_block_queries_query069_4.sql;multi_block_queries_query069_49.sql;multi_block_queries_query069_13.sql;multi_block_queries_query069_42.sql;multi_block_queries_query069_70.sql;multi_block_queries_query069_9.sql;multi_block_queries_query069_32.sql;multi_block_queries_query069_18.sql;multi_block_queries_query069_83.sql;multi_block_queries_query069_65.sql;multi_block_queries_query069_39.sql;multi_block_queries_query069_36.sql;multi_block_queries_query069_22.sql;multi_block_queries_query069_37.sql;multi_block_queries_query069_86.sql;multi_block_queries_query069_21.sql;multi_block_queries_query069_7.sql;multi_block_queries_query069_68.sql;multi_block_queries_query069_8.sql;multi_block_queries_query069_50.sql;multi_block_queries_query069_64.sql;multi_block_queries_query069_89.sql;multi_block_queries_query069_97.sql;multi_block_queries_query069_73.sql;multi_block_queries_query069_99.sql;multi_block_queries_query069_51.sql;multi_block_queries_query069_91.sql;multi_block_queries_query069_20.sql;multi_block_queries_query069_2.sql;multi_block_queries_query069_44.sql;multi_block_queries_query069_29.sql;multi_block_queries_query069_38.sql;multi_block_queries_query069_85.sql;multi_block_queries_query069_28.sql;multi_block_queries_query069_81.sql;multi_block_queries_query069_62.sql;multi_block_queries_query069_93.sql;multi_block_queries_query069_56.sql,100
dsb_s100,PostgreSQL,9,spj_queries_query085_83.sql;spj_queries_query085_36.sql;spj_queries_query085_24.sql;spj_queries_query085_75.sql;spj_queries_query085_65.sql;spj_queries_query085_41.sql;spj_queries_query085_33.sql;spj_queries_query085_1.sql;spj_queries_query085_73.sql;spj_queries_query085_49.sql;spj_queries_query085_30.sql;spj_queries_query085_68.sql;spj_queries_query085_69.sql;spj_queries_query085_17.sql;spj_queries_query085_54.sql;spj_queries_query085_97.sql;spj_queries_query085_9.sql;spj_queries_query085_86.sql;spj_queries_query085_82.sql;spj_queries_query085_53.sql;spj_queries_query085_60.sql;spj_queries_query085_16.sql;spj_queries_query085_77.sql;spj_queries_query085_40.sql;spj_queries_query085_61.sql;spj_queries_query085_21.sql;spj_queries_query085_19.sql;spj_queries_query085_4.sql;spj_queries_query085_23.sql;spj_queries_query085_85.sql;spj_queries_query085_88.sql;spj_queries_query085_35.sql;spj_queries_query085_66.sql;spj_queries_query085_18.sql;spj_queries_query085_58.sql;spj_queries_query085_57.sql;spj_queries_query085_13.sql;spj_queries_query085_0.sql;spj_queries_query085_43.sql;spj_queries_query085_59.sql;spj_queries_query085_64.sql;spj_queries_query085_93.sql;spj_queries_query085_95.sql;spj_queries_query085_55.sql;spj_queries_query085_12.sql;spj_queries_query085_76.sql;spj_queries_query085_52.sql;spj_queries_query085_5.sql;spj_queries_query085_29.sql;spj_queries_query085_14.sql;spj_queries_query085_63.sql;spj_queries_query085_39.sql;spj_queries_query085_11.sql;spj_queries_query085_2.sql;spj_queries_query085_70.sql;spj_queries_query085_50.sql;spj_queries_query085_38.sql;spj_queries_query085_10.sql;spj_queries_query085_28.sql;spj_queries_query085_6.sql;spj_queries_query085_37.sql;spj_queries_query085_67.sql;spj_queries_query085_80.sql;spj_queries_query085_90.sql;spj_queries_query085_81.sql;spj_queries_query085_48.sql;spj_queries_query085_56.sql;spj_queries_query085_78.sql;spj_queries_query085_8.sql;spj_queries_query085_98.sql;spj_queries_query085_51.sql;spj_queries_query085_87.sql;spj_queries_query085_26.sql;spj_queries_query085_27.sql;spj_queries_query085_32.sql;spj_queries_query085_92.sql;spj_queries_query085_44.sql;spj_queries_query085_91.sql;spj_queries_query085_96.sql;spj_queries_query085_15.sql;spj_queries_query085_22.sql;spj_queries_query085_46.sql;spj_queries_query085_45.sql;spj_queries_query085_3.sql;spj_queries_query085_71.sql;spj_queries_query085_20.sql;spj_queries_query085_72.sql;spj_queries_query085_99.sql;spj_queries_query085_84.sql;spj_queries_query085_42.sql;spj_queries_query085_31.sql;spj_queries_query085_89.sql;spj_queries_query085_62.sql;spj_queries_query085_79.sql;spj_queries_query085_47.sql;spj_queries_query085_34.sql;spj_queries_query085_7.sql;spj_queries_query085_94.sql;spj_queries_query085_25.sql;spj_queries_query085_74.sql,100
dsb_s100,PostgreSQL,10,multi_block_queries_query075_29.sql;multi_block_queries_query075_27.sql;multi_block_queries_query075_32.sql;multi_block_queries_query075_95.sql;multi_block_queries_query075_13.sql;multi_block_queries_query075_40.sql;multi_block_queries_query075_14.sql;multi_block_queries_query075_93.sql;multi_block_queries_query075_50.sql;multi_block_queries_query075_53.sql;multi_block_queries_query075_19.sql;multi_block_queries_query075_78.sql;multi_block_queries_query075_37.sql;multi_block_queries_query075_12.sql;multi_block_queries_query075_87.sql;multi_block_queries_query075_52.sql;multi_block_queries_query075_98.sql;multi_block_queries_query075_26.sql;multi_block_queries_query075_76.sql;multi_block_queries_query075_71.sql;multi_block_queries_query075_63.sql;multi_block_queries_query075_34.sql;multi_block_queries_query075_81.sql;multi_block_queries_query075_92.sql;multi_block_queries_query075_21.sql;multi_block_queries_query075_43.sql;multi_block_queries_query075_65.sql;multi_block_queries_query075_3.sql;multi_block_queries_query075_18.sql;multi_block_queries_query075_68.sql;multi_block_queries_query075_28.sql;multi_block_queries_query075_15.sql;multi_block_queries_query075_56.sql;multi_block_queries_query075_66.sql;multi_block_queries_query075_72.sql;multi_block_queries_query075_84.sql;multi_block_queries_query075_24.sql;multi_block_queries_query075_61.sql;multi_block_queries_query075_44.sql;multi_block_queries_query075_23.sql;multi_block_queries_query075_47.sql;multi_block_queries_query075_58.sql;multi_block_queries_query075_45.sql;multi_block_queries_query075_54.sql;multi_block_queries_query075_97.sql;multi_block_queries_query075_55.sql;multi_block_queries_query075_57.sql;multi_block_queries_query075_75.sql;multi_block_queries_query075_22.sql;multi_block_queries_query075_74.sql;multi_block_queries_query075_82.sql;multi_block_queries_query075_36.sql;multi_block_queries_query075_67.sql;multi_block_queries_query075_64.sql;multi_block_queries_query075_35.sql;multi_block_queries_query075_48.sql;multi_block_queries_query075_38.sql;multi_block_queries_query075_39.sql;multi_block_queries_query075_88.sql;multi_block_queries_query075_8.sql;multi_block_queries_query075_99.sql;multi_block_queries_query075_31.sql;multi_block_queries_query075_77.sql;multi_block_queries_query075_70.sql;multi_block_queries_query075_89.sql;multi_block_queries_query075_42.sql;multi_block_queries_query075_6.sql;multi_block_queries_query075_20.sql;multi_block_queries_query075_62.sql;multi_block_queries_query075_16.sql;multi_block_queries_query075_46.sql;multi_block_queries_query075_59.sql;multi_block_queries_query075_1.sql;multi_block_queries_query075_69.sql;multi_block_queries_query075_17.sql;multi_block_queries_query075_79.sql;multi_block_queries_query075_86.sql;multi_block_queries_query075_30.sql;multi_block_queries_query075_73.sql;multi_block_queries_query075_94.sql;multi_block_queries_query075_83.sql;multi_block_queries_query075_11.sql;multi_block_queries_query075_7.sql;multi_block_queries_query075_60.sql;multi_block_queries_query075_25.sql;multi_block_queries_query075_5.sql;multi_block_queries_query075_49.sql;multi_block_queries_query075_80.sql;multi_block_queries_query075_10.sql;multi_block_queries_query075_0.sql;multi_block_queries_query075_2.sql;multi_block_queries_query075_51.sql;multi_block_queries_query075_33.sql;multi_block_queries_query075_91.sql;multi_block_queries_query075_90.sql;multi_block_queries_query075_96.sql;multi_block_queries_query075_9.sql;multi_block_queries_query075_85.sql;multi_block_queries_query075_41.sql;multi_block_queries_query075_4.sql,100
dsb_s100,PostgreSQL,11,spj_queries_query018_60.sql;spj_queries_query018_6.sql;spj_queries_query018_95.sql;spj_queries_query018_81.sql;spj_queries_query018_5.sql;spj_queries_query018_18.sql;spj_queries_query018_69.sql;spj_queries_query018_67.sql;spj_queries_query018_39.sql;spj_queries_query018_85.sql;spj_queries_query018_7.sql;spj_queries_query018_1.sql;spj_queries_query018_59.sql;spj_queries_query018_38.sql;spj_queries_query018_34.sql;spj_queries_query018_53.sql;spj_queries_query018_82.sql;spj_queries_query018_2.sql;spj_queries_query018_49.sql;spj_queries_query018_68.sql;spj_queries_query018_4.sql;spj_queries_query018_50.sql;spj_queries_query018_64.sql;spj_queries_query018_46.sql;spj_queries_query018_90.sql;spj_queries_query018_41.sql;spj_queries_query018_17.sql;spj_queries_query018_83.sql;spj_queries_query018_87.sql;spj_queries_query018_62.sql;spj_queries_query018_20.sql;spj_queries_query018_92.sql;spj_queries_query018_96.sql;spj_queries_query018_99.sql;spj_queries_query018_48.sql;spj_queries_query018_44.sql;spj_queries_query018_75.sql;spj_queries_query018_26.sql;spj_queries_query018_21.sql;spj_queries_query018_76.sql;spj_queries_query018_51.sql;spj_queries_query018_25.sql;spj_queries_query018_42.sql;spj_queries_query018_61.sql;spj_queries_query018_35.sql;spj_queries_query018_14.sql;spj_queries_query018_13.sql;spj_queries_query018_73.sql;spj_queries_query018_84.sql;spj_queries_query018_65.sql;spj_queries_query018_43.sql;spj_queries_query018_24.sql;spj_queries_query018_19.sql;spj_queries_query018_56.sql;spj_queries_query018_9.sql;spj_queries_query018_16.sql;spj_queries_query018_97.sql;spj_queries_query018_28.sql;spj_queries_query018_12.sql;spj_queries_query018_32.sql;spj_queries_query018_40.sql;spj_queries_query018_22.sql;spj_queries_query018_10.sql;spj_queries_query018_11.sql;spj_queries_query018_74.sql;spj_queries_query018_55.sql;spj_queries_query018_54.sql;spj_queries_query018_66.sql;spj_queries_query018_70.sql;spj_queries_query018_94.sql;spj_queries_query018_27.sql;spj_queries_query018_86.sql;spj_queries_query018_72.sql;spj_queries_query018_63.sql;spj_queries_query018_91.sql;spj_queries_query018_79.sql;spj_queries_query018_33.sql;spj_queries_query018_31.sql;spj_queries_query018_57.sql;spj_queries_query018_37.sql;spj_queries_query018_8.sql;spj_queries_query018_47.sql;spj_queries_query018_78.sql;spj_queries_query018_93.sql;spj_queries_query018_0.sql;spj_queries_query018_52.sql;spj_queries_query018_89.sql;spj_queries_query018_3.sql;spj_queries_query018_45.sql;spj_queries_query018_80.sql;spj_queries_query018_71.sql;spj_queries_query018_36.sql;spj_queries_query018_88.sql;spj_queries_query018_77.sql;spj_queries_query018_98.sql;spj_queries_query018_58.sql;spj_queries_query018_30.sql;spj_queries_query018_23.sql;spj_queries_query018_15.sql;spj_queries_query018_29.sql,100
dsb_s100,PostgreSQL,12,multi_block_queries_query064_37.sql;multi_block_queries_query064_53.sql;multi_block_queries_query064_43.sql;multi_block_queries_query064_77.sql;multi_block_queries_query064_45.sql;multi_block_queries_query064_36.sql;multi_block_queries_query064_26.sql;multi_block_queries_query064_74.sql;multi_block_queries_query064_99.sql;multi_block_queries_query064_22.sql;multi_block_queries_query064_91.sql;multi_block_queries_query064_55.sql;multi_block_queries_query064_20.sql;multi_block_queries_query064_11.sql;multi_block_queries_query064_13.sql;multi_block_queries_query064_1.sql;multi_block_queries_query064_88.sql;multi_block_queries_query064_66.sql;multi_block_queries_query064_10.sql;multi_block_queries_query064_34.sql;multi_block_queries_query064_78.sql;multi_block_queries_query064_25.sql;multi_block_queries_query064_12.sql;multi_block_queries_query064_94.sql;multi_block_queries_query064_33.sql;multi_block_queries_query064_72.sql;multi_block_queries_query064_35.sql;multi_block_queries_query064_73.sql;multi_block_queries_query064_16.sql;multi_block_queries_query064_85.sql;multi_block_queries_query064_62.sql;multi_block_queries_query064_17.sql;multi_block_queries_query064_15.sql;multi_block_queries_query064_42.sql;multi_block_queries_query064_7.sql;multi_block_queries_query064_92.sql;multi_block_queries_query064_23.sql;multi_block_queries_query064_14.sql;multi_block_queries_query064_79.sql;multi_block_queries_query064_6.sql;multi_block_queries_query064_5.sql;multi_block_queries_query064_60.sql;multi_block_queries_query064_81.sql;multi_block_queries_query064_65.sql;multi_block_queries_query064_64.sql;multi_block_queries_query064_40.sql;multi_block_queries_query064_95.sql;multi_block_queries_query064_44.sql;multi_block_queries_query064_57.sql;multi_block_queries_query064_28.sql;multi_block_queries_query064_67.sql;multi_block_queries_query064_96.sql;multi_block_queries_query064_71.sql;multi_block_queries_query064_84.sql;multi_block_queries_query064_29.sql;multi_block_queries_query064_97.sql;multi_block_queries_query064_68.sql;multi_block_queries_query064_38.sql;multi_block_queries_query064_82.sql;multi_block_queries_query064_46.sql;multi_block_queries_query064_98.sql;multi_block_queries_query064_30.sql;multi_block_queries_query064_0.sql;multi_block_queries_query064_21.sql;multi_block_queries_query064_86.sql;multi_block_queries_query064_54.sql;multi_block_queries_query064_58.sql;multi_block_queries_query064_18.sql;multi_block_queries_query064_48.sql;multi_block_queries_query064_31.sql;multi_block_queries_query064_27.sql;multi_block_queries_query064_4.sql;multi_block_queries_query064_8.sql;multi_block_queries_query064_56.sql;multi_block_queries_query064_24.sql;multi_block_queries_query064_80.sql;multi_block_queries_query064_9.sql;multi_block_queries_query064_52.sql;multi_block_queries_query064_61.sql;multi_block_queries_query064_89.sql;multi_block_queries_query064_39.sql;multi_block_queries_query064_49.sql;multi_block_queries_query064_32.sql;multi_block_queries_query064_41.sql;multi_block_queries_query064_70.sql;multi_block_queries_query064_63.sql;multi_block_queries_query064_19.sql;multi_block_queries_query064_2.sql;multi_block_queries_query064_47.sql;multi_block_queries_query064_69.sql;multi_block_queries_query064_59.sql;multi_block_queries_query064_3.sql;multi_block_queries_query064_83.sql;multi_block_queries_query064_51.sql;multi_block_queries_query064_93.sql;multi_block_queries_query064_87.sql;multi_block_queries_query064_76.sql;multi_block_queries_query064_50.sql;multi_block_queries_query064_90.sql;multi_block_queries_query064_75.sql,100
dsb_s100,PostgreSQL,13,spj_queries_query102_12.sql;spj_queries_query102_8.sql;spj_queries_query102_2.sql;spj_queries_query102_65.sql;spj_queries_query102_67.sql;spj_queries_query102_5.sql;spj_queries_query102_0.sql;spj_queries_query102_10.sql;spj_queries_query102_87.sql;spj_queries_query102_56.sql;spj_queries_query102_42.sql;spj_queries_query102_33.sql;spj_queries_query102_15.sql;spj_queries_query102_48.sql;spj_queries_query102_52.sql;spj_queries_query102_14.sql;spj_queries_query102_38.sql;spj_queries_query102_64.sql;spj_queries_query102_53.sql;spj_queries_query102_62.sql;spj_queries_query102_37.sql;spj_queries_query102_73.sql;spj_queries_query102_97.sql;spj_queries_query102_35.sql;spj_queries_query102_16.sql;spj_queries_query102_44.sql;spj_queries_query102_25.sql;spj_queries_query102_94.sql;spj_queries_query102_69.sql;spj_queries_query102_27.sql;spj_queries_query102_26.sql;spj_queries_query102_80.sql;spj_queries_query102_11.sql;spj_queries_query102_86.sql;spj_queries_query102_88.sql;spj_queries_query102_77.sql;spj_queries_query102_55.sql;spj_queries_query102_76.sql;spj_queries_query102_57.sql;spj_queries_query102_3.sql;spj_queries_query102_28.sql;spj_queries_query102_95.sql;spj_queries_query102_43.sql;spj_queries_query102_58.sql;spj_queries_query102_70.sql;spj_queries_query102_89.sql;spj_queries_query102_18.sql;spj_queries_query102_31.sql;spj_queries_query102_49.sql;spj_queries_query102_66.sql;spj_queries_query102_99.sql;spj_queries_query102_93.sql;spj_queries_query102_4.sql;spj_queries_query102_1.sql;spj_queries_query102_45.sql;spj_queries_query102_98.sql;spj_queries_query102_9.sql;spj_queries_query102_71.sql;spj_queries_query102_68.sql;spj_queries_query102_50.sql;spj_queries_query102_20.sql;spj_queries_query102_72.sql;spj_queries_query102_34.sql;spj_queries_query102_36.sql;spj_queries_query102_60.sql;spj_queries_query102_59.sql;spj_queries_query102_78.sql;spj_queries_query102_96.sql;spj_queries_query102_32.sql;spj_queries_query102_85.sql;spj_queries_query102_17.sql;spj_queries_query102_91.sql;spj_queries_query102_22.sql;spj_queries_query102_83.sql;spj_queries_query102_54.sql;spj_queries_query102_51.sql;spj_queries_query102_47.sql;spj_queries_query102_84.sql;spj_queries_query102_79.sql;spj_queries_query102_19.sql;spj_queries_query102_23.sql;spj_queries_query102_24.sql;spj_queries_query102_13.sql;spj_queries_query102_92.sql;spj_queries_query102_41.sql;spj_queries_query102_21.sql;spj_queries_query102_81.sql;spj_queries_query102_7.sql;spj_queries_query102_61.sql;spj_queries_query102_6.sql;spj_queries_query102_46.sql;spj_queries_query102_40.sql;spj_queries_query102_39.sql;spj_queries_query102_75.sql;spj_queries_query102_29.sql;spj_queries_query102_74.sql;spj_queries_query102_63.sql;spj_queries_query102_30.sql;spj_queries_query102_82.sql;spj_queries_query102_90.sql,100
dsb_s100,PostgreSQL,14,spj_queries_query072_71.sql;spj_queries_query072_37.sql;spj_queries_query072_34.sql;spj_queries_query072_81.sql;spj_queries_query072_68.sql;spj_queries_query072_31.sql;spj_queries_query072_44.sql;spj_queries_query072_4.sql;spj_queries_query072_32.sql;spj_queries_query072_21.sql;spj_queries_query072_64.sql;spj_queries_query072_17.sql;spj_queries_query072_9.sql;spj_queries_query072_50.sql;spj_queries_query072_40.sql;spj_queries_query072_11.sql;spj_queries_query072_28.sql;spj_queries_query072_66.sql;spj_queries_query072_75.sql;spj_queries_query072_57.sql;spj_queries_query072_49.sql;spj_queries_query072_20.sql;spj_queries_query072_58.sql;spj_queries_query072_5.sql;spj_queries_query072_70.sql;spj_queries_query072_26.sql;spj_queries_query072_16.sql;spj_queries_query072_92.sql;spj_queries_query072_88.sql;spj_queries_query072_39.sql;spj_queries_query072_99.sql;spj_queries_query072_6.sql;spj_queries_query072_38.sql;spj_queries_query072_87.sql;spj_queries_query072_96.sql;spj_queries_query072_25.sql;spj_queries_query072_47.sql;spj_queries_query072_3.sql;spj_queries_query072_42.sql;spj_queries_query072_56.sql;spj_queries_query072_97.sql;spj_queries_query072_46.sql;spj_queries_query072_84.sql;spj_queries_query072_80.sql;spj_queries_query072_74.sql;spj_queries_query072_0.sql;spj_queries_query072_73.sql;spj_queries_query072_85.sql;spj_queries_query072_77.sql;spj_queries_query072_7.sql;spj_queries_query072_8.sql;spj_queries_query072_19.sql;spj_queries_query072_29.sql;spj_queries_query072_33.sql;spj_queries_query072_82.sql;spj_queries_query072_27.sql;spj_queries_query072_15.sql;spj_queries_query072_10.sql;spj_queries_query072_36.sql;spj_queries_query072_18.sql;spj_queries_query072_13.sql;spj_queries_query072_62.sql;spj_queries_query072_54.sql;spj_queries_query072_86.sql;spj_queries_query072_12.sql;spj_queries_query072_78.sql;spj_queries_query072_69.sql;spj_queries_query072_91.sql;spj_queries_query072_63.sql;spj_queries_query072_59.sql;spj_queries_query072_52.sql;spj_queries_query072_79.sql;spj_queries_query072_35.sql;spj_queries_query072_72.sql;spj_queries_query072_98.sql;spj_queries_query072_2.sql;spj_queries_query072_83.sql;spj_queries_query072_65.sql;spj_queries_query072_24.sql;spj_queries_query072_95.sql;spj_queries_query072_30.sql;spj_queries_query072_22.sql;spj_queries_query072_90.sql;spj_queries_query072_61.sql;spj_queries_query072_67.sql;spj_queries_query072_14.sql;spj_queries_query072_45.sql;spj_queries_query072_89.sql;spj_queries_query072_43.sql;spj_queries_query072_60.sql;spj_queries_query072_53.sql;spj_queries_query072_76.sql;spj_queries_query072_48.sql;spj_queries_query072_23.sql;spj_queries_query072_51.sql;spj_queries_query072_55.sql;spj_queries_query072_41.sql;spj_queries_query072_1.sql;spj_queries_query072_93.sql;spj_queries_query072_94.sql,100
dsb_s100,PostgreSQL,15,agg_queries_query040_4.sql;agg_queries_query040_44.sql;agg_queries_query040_60.sql;agg_queries_query040_7.sql;agg_queries_query040_58.sql;agg_queries_query040_0.sql;agg_queries_query040_13.sql;agg_queries_query040_98.sql;agg_queries_query040_61.sql;agg_queries_query040_72.sql;agg_queries_query040_53.sql;agg_queries_query040_57.sql;agg_queries_query040_1.sql;agg_queries_query040_73.sql;agg_queries_query040_29.sql;agg_queries_query040_93.sql;agg_queries_query040_47.sql;agg_queries_query040_80.sql;agg_queries_query040_66.sql;agg_queries_query040_83.sql;agg_queries_query040_84.sql;agg_queries_query040_95.sql;agg_queries_query040_96.sql;agg_queries_query040_86.sql;agg_queries_query040_89.sql;agg_queries_query040_55.sql;agg_queries_query040_64.sql;agg_queries_query040_46.sql;agg_queries_query040_85.sql;agg_queries_query040_91.sql;agg_queries_query040_99.sql;agg_queries_query040_20.sql;agg_queries_query040_21.sql;agg_queries_query040_15.sql;agg_queries_query040_31.sql;agg_queries_query040_78.sql;agg_queries_query040_16.sql;agg_queries_query040_82.sql;agg_queries_query040_51.sql;agg_queries_query040_24.sql;agg_queries_query040_76.sql;agg_queries_query040_67.sql;agg_queries_query040_18.sql;agg_queries_query040_79.sql;agg_queries_query040_35.sql;agg_queries_query040_68.sql;agg_queries_query040_12.sql;agg_queries_query040_42.sql;agg_queries_query040_10.sql;agg_queries_query040_62.sql;agg_queries_query040_8.sql;agg_queries_query040_9.sql;agg_queries_query040_69.sql;agg_queries_query040_23.sql;agg_queries_query040_54.sql;agg_queries_query040_43.sql;agg_queries_query040_81.sql;agg_queries_query040_75.sql;agg_queries_query040_97.sql;agg_queries_query040_63.sql;agg_queries_query040_39.sql;agg_queries_query040_41.sql;agg_queries_query040_74.sql;agg_queries_query040_49.sql;agg_queries_query040_6.sql;agg_queries_query040_71.sql;agg_queries_query040_34.sql;agg_queries_query040_33.sql;agg_queries_query040_94.sql;agg_queries_query040_25.sql;agg_queries_query040_92.sql;agg_queries_query040_59.sql;agg_queries_query040_26.sql;agg_queries_query040_14.sql;agg_queries_query040_38.sql;agg_queries_query040_48.sql;agg_queries_query040_32.sql;agg_queries_query040_3.sql;agg_queries_query040_56.sql;agg_queries_query040_36.sql;agg_queries_query040_22.sql;agg_queries_query040_87.sql;agg_queries_query040_45.sql;agg_queries_query040_65.sql;agg_queries_query040_2.sql;agg_queries_query040_17.sql;agg_queries_query040_88.sql;agg_queries_query040_52.sql;agg_queries_query040_11.sql;agg_queries_query040_28.sql;agg_queries_query040_40.sql;agg_queries_query040_50.sql;agg_queries_query040_5.sql;agg_queries_query040_70.sql;agg_queries_query040_27.sql;agg_queries_query040_90.sql;agg_queries_query040_30.sql;agg_queries_query040_19.sql;agg_queries_query040_37.sql;agg_queries_query040_77.sql,100
dsb_s100,PostgreSQL,16,multi_block_queries_query094_77.sql;multi_block_queries_query094_62.sql;multi_block_queries_query094_96.sql;multi_block_queries_query094_42.sql;multi_block_queries_query094_36.sql;multi_block_queries_query094_34.sql;multi_block_queries_query094_75.sql;multi_block_queries_query094_74.sql;multi_block_queries_query094_93.sql;multi_block_queries_query094_40.sql;multi_block_queries_query094_12.sql;multi_block_queries_query094_99.sql;multi_block_queries_query094_4.sql;multi_block_queries_query094_11.sql;multi_block_queries_query094_55.sql;multi_block_queries_query094_80.sql;multi_block_queries_query094_33.sql;multi_block_queries_query094_59.sql;multi_block_queries_query094_83.sql;multi_block_queries_query094_69.sql;multi_block_queries_query094_51.sql;multi_block_queries_query094_98.sql;multi_block_queries_query094_78.sql;multi_block_queries_query094_18.sql;multi_block_queries_query094_79.sql;multi_block_queries_query094_89.sql;multi_block_queries_query094_56.sql;multi_block_queries_query094_97.sql;multi_block_queries_query094_71.sql;multi_block_queries_query094_0.sql;multi_block_queries_query094_19.sql;multi_block_queries_query094_39.sql;multi_block_queries_query094_65.sql;multi_block_queries_query094_35.sql;multi_block_queries_query094_3.sql;multi_block_queries_query094_85.sql;multi_block_queries_query094_87.sql;multi_block_queries_query094_63.sql;multi_block_queries_query094_25.sql;multi_block_queries_query094_44.sql;multi_block_queries_query094_86.sql;multi_block_queries_query094_64.sql;multi_block_queries_query094_66.sql;multi_block_queries_query094_6.sql;multi_block_queries_query094_68.sql;multi_block_queries_query094_72.sql;multi_block_queries_query094_2.sql;multi_block_queries_query094_53.sql;multi_block_queries_query094_82.sql;multi_block_queries_query094_61.sql;multi_block_queries_query094_1.sql;multi_block_queries_query094_58.sql;multi_block_queries_query094_28.sql;multi_block_queries_query094_60.sql;multi_block_queries_query094_90.sql;multi_block_queries_query094_32.sql;multi_block_queries_query094_91.sql;multi_block_queries_query094_43.sql;multi_block_queries_query094_22.sql;multi_block_queries_query094_73.sql;multi_block_queries_query094_9.sql;multi_block_queries_query094_88.sql;multi_block_queries_query094_37.sql;multi_block_queries_query094_23.sql;multi_block_queries_query094_7.sql;multi_block_queries_query094_92.sql;multi_block_queries_query094_57.sql;multi_block_queries_query094_46.sql;multi_block_queries_query094_21.sql;multi_block_queries_query094_17.sql;multi_block_queries_query094_45.sql;multi_block_queries_query094_10.sql;multi_block_queries_query094_13.sql;multi_block_queries_query094_48.sql;multi_block_queries_query094_95.sql;multi_block_queries_query094_24.sql;multi_block_queries_query094_50.sql;multi_block_queries_query094_5.sql;multi_block_queries_query094_54.sql;multi_block_queries_query094_52.sql;multi_block_queries_query094_20.sql;multi_block_queries_query094_8.sql;multi_block_queries_query094_30.sql;multi_block_queries_query094_41.sql;multi_block_queries_query094_29.sql;multi_block_queries_query094_94.sql;multi_block_queries_query094_67.sql;multi_block_queries_query094_31.sql;multi_block_queries_query094_81.sql;multi_block_queries_query094_49.sql;multi_block_queries_query094_38.sql;multi_block_queries_query094_15.sql;multi_block_queries_query094_70.sql;multi_block_queries_query094_76.sql;multi_block_queries_query094_84.sql;multi_block_queries_query094_16.sql;multi_block_queries_query094_47.sql;multi_block_queries_query094_27.sql;multi_block_queries_query094_14.sql;multi_block_queries_query094_26.sql,100
dsb_s100,PostgreSQL,17,multi_block_queries_query032_20.sql;multi_block_queries_query032_94.sql;multi_block_queries_query032_80.sql;multi_block_queries_query032_63.sql;multi_block_queries_query032_93.sql;multi_block_queries_query032_46.sql;multi_block_queries_query032_76.sql;multi_block_queries_query032_71.sql;multi_block_queries_query032_4.sql;multi_block_queries_query032_66.sql;multi_block_queries_query032_23.sql;multi_block_queries_query032_60.sql;multi_block_queries_query032_1.sql;multi_block_queries_query032_69.sql;multi_block_queries_query032_13.sql;multi_block_queries_query032_75.sql;multi_block_queries_query032_43.sql;multi_block_queries_query032_95.sql;multi_block_queries_query032_47.sql;multi_block_queries_query032_83.sql;multi_block_queries_query032_15.sql;multi_block_queries_query032_96.sql;multi_block_queries_query032_61.sql;multi_block_queries_query032_33.sql;multi_block_queries_query032_67.sql;multi_block_queries_query032_9.sql;multi_block_queries_query032_49.sql;multi_block_queries_query032_45.sql;multi_block_queries_query032_87.sql;multi_block_queries_query032_21.sql;multi_block_queries_query032_29.sql;multi_block_queries_query032_18.sql;multi_block_queries_query032_82.sql;multi_block_queries_query032_2.sql;multi_block_queries_query032_86.sql;multi_block_queries_query032_97.sql;multi_block_queries_query032_27.sql;multi_block_queries_query032_11.sql;multi_block_queries_query032_30.sql;multi_block_queries_query032_8.sql;multi_block_queries_query032_44.sql;multi_block_queries_query032_91.sql;multi_block_queries_query032_54.sql;multi_block_queries_query032_55.sql;multi_block_queries_query032_3.sql;multi_block_queries_query032_35.sql;multi_block_queries_query032_73.sql;multi_block_queries_query032_28.sql;multi_block_queries_query032_88.sql;multi_block_queries_query032_72.sql;multi_block_queries_query032_99.sql;multi_block_queries_query032_12.sql;multi_block_queries_query032_58.sql;multi_block_queries_query032_85.sql;multi_block_queries_query032_7.sql;multi_block_queries_query032_70.sql;multi_block_queries_query032_57.sql;multi_block_queries_query032_6.sql;multi_block_queries_query032_98.sql;multi_block_queries_query032_84.sql;multi_block_queries_query032_52.sql;multi_block_queries_query032_48.sql;multi_block_queries_query032_24.sql;multi_block_queries_query032_0.sql;multi_block_queries_query032_89.sql;multi_block_queries_query032_64.sql;multi_block_queries_query032_68.sql;multi_block_queries_query032_40.sql;multi_block_queries_query032_78.sql;multi_block_queries_query032_14.sql;multi_block_queries_query032_90.sql;multi_block_queries_query032_53.sql;multi_block_queries_query032_65.sql;multi_block_queries_query032_5.sql;multi_block_queries_query032_62.sql;multi_block_queries_query032_34.sql;multi_block_queries_query032_74.sql;multi_block_queries_query032_37.sql;multi_block_queries_query032_42.sql;multi_block_queries_query032_79.sql;multi_block_queries_query032_39.sql;multi_block_queries_query032_92.sql;multi_block_queries_query032_59.sql;multi_block_queries_query032_17.sql;multi_block_queries_query032_51.sql;multi_block_queries_query032_38.sql;multi_block_queries_query032_41.sql;multi_block_queries_query032_16.sql;multi_block_queries_query032_31.sql;multi_block_queries_query032_32.sql;multi_block_queries_query032_19.sql;multi_block_queries_query032_10.sql;multi_block_queries_query032_77.sql;multi_block_queries_query032_25.sql;multi_block_queries_query032_22.sql;multi_block_queries_query032_26.sql;multi_block_queries_query032_50.sql;multi_block_queries_query032_36.sql;multi_block_queries_query032_81.sql;multi_block_queries_query032_56.sql,100
dsb_s100,PostgreSQL,18,spj_queries_query019_90.sql;spj_queries_query019_62.sql;spj_queries_query019_72.sql;spj_queries_query019_91.sql;spj_queries_query019_92.sql;spj_queries_query019_65.sql;spj_queries_query019_75.sql;spj_queries_query019_4.sql;spj_queries_query019_49.sql;spj_queries_query019_89.sql;spj_queries_query019_69.sql;spj_queries_query019_57.sql;spj_queries_query019_59.sql;spj_queries_query019_26.sql;spj_queries_query019_99.sql;spj_queries_query019_21.sql;spj_queries_query019_30.sql;spj_queries_query019_67.sql;spj_queries_query019_45.sql;spj_queries_query019_70.sql;spj_queries_query019_43.sql;spj_queries_query019_12.sql;spj_queries_query019_23.sql;spj_queries_query019_95.sql;spj_queries_query019_58.sql;spj_queries_query019_17.sql;spj_queries_query019_19.sql;spj_queries_query019_78.sql;spj_queries_query019_10.sql;spj_queries_query019_2.sql;spj_queries_query019_28.sql;spj_queries_query019_40.sql;spj_queries_query019_5.sql;spj_queries_query019_66.sql;spj_queries_query019_68.sql;spj_queries_query019_18.sql;spj_queries_query019_11.sql;spj_queries_query019_54.sql;spj_queries_query019_47.sql;spj_queries_query019_6.sql;spj_queries_query019_29.sql;spj_queries_query019_46.sql;spj_queries_query019_64.sql;spj_queries_query019_38.sql;spj_queries_query019_51.sql;spj_queries_query019_15.sql;spj_queries_query019_96.sql;spj_queries_query019_97.sql;spj_queries_query019_63.sql;spj_queries_query019_94.sql;spj_queries_query019_27.sql;spj_queries_query019_55.sql;spj_queries_query019_83.sql;spj_queries_query019_87.sql;spj_queries_query019_73.sql;spj_queries_query019_33.sql;spj_queries_query019_36.sql;spj_queries_query019_48.sql;spj_queries_query019_81.sql;spj_queries_query019_61.sql;spj_queries_query019_74.sql;spj_queries_query019_39.sql;spj_queries_query019_93.sql;spj_queries_query019_76.sql;spj_queries_query019_8.sql;spj_queries_query019_32.sql;spj_queries_query019_37.sql;spj_queries_query019_82.sql;spj_queries_query019_80.sql;spj_queries_query019_22.sql;spj_queries_query019_0.sql;spj_queries_query019_53.sql;spj_queries_query019_84.sql;spj_queries_query019_56.sql;spj_queries_query019_60.sql;spj_queries_query019_85.sql;spj_queries_query019_31.sql;spj_queries_query019_34.sql;spj_queries_query019_88.sql;spj_queries_query019_13.sql;spj_queries_query019_98.sql;spj_queries_query019_77.sql;spj_queries_query019_50.sql;spj_queries_query019_24.sql;spj_queries_query019_35.sql;spj_queries_query019_86.sql;spj_queries_query019_14.sql;spj_queries_query019_7.sql;spj_queries_query019_16.sql;spj_queries_query019_52.sql;spj_queries_query019_25.sql;spj_queries_query019_41.sql;spj_queries_query019_20.sql;spj_queries_query019_1.sql;spj_queries_query019_79.sql;spj_queries_query019_71.sql;spj_queries_query019_9.sql;spj_queries_query019_3.sql;spj_queries_query019_44.sql;spj_queries_query019_42.sql,100
dsb_s100,PostgreSQL,19,agg_queries_query050_22.sql;agg_queries_query050_2.sql;agg_queries_query050_96.sql;agg_queries_query050_24.sql;agg_queries_query050_27.sql;agg_queries_query050_92.sql;agg_queries_query050_25.sql;agg_queries_query050_66.sql;agg_queries_query050_47.sql;agg_queries_query050_65.sql;agg_queries_query050_61.sql;agg_queries_query050_12.sql;agg_queries_query050_60.sql;agg_queries_query050_11.sql;agg_queries_query050_52.sql;agg_queries_query050_5.sql;agg_queries_query050_31.sql;agg_queries_query050_80.sql;agg_queries_query050_90.sql;agg_queries_query050_4.sql;agg_queries_query050_43.sql;agg_queries_query050_67.sql;agg_queries_query050_18.sql;agg_queries_query050_97.sql;agg_queries_query050_6.sql;agg_queries_query050_38.sql;agg_queries_query050_16.sql;agg_queries_query050_34.sql;agg_queries_query050_59.sql;agg_queries_query050_73.sql;agg_queries_query050_62.sql;agg_queries_query050_91.sql;agg_queries_query050_21.sql;agg_queries_query050_13.sql;agg_queries_query050_64.sql;agg_queries_query050_0.sql;agg_queries_query050_79.sql;agg_queries_query050_10.sql;agg_queries_query050_94.sql;agg_queries_query050_75.sql;agg_queries_query050_20.sql;agg_queries_query050_74.sql;agg_queries_query050_23.sql;agg_queries_query050_99.sql;agg_queries_query050_95.sql;agg_queries_query050_33.sql;agg_queries_query050_71.sql;agg_queries_query050_26.sql;agg_queries_query050_29.sql;agg_queries_query050_9.sql;agg_queries_query050_3.sql;agg_queries_query050_83.sql;agg_queries_query050_56.sql;agg_queries_query050_46.sql;agg_queries_query050_55.sql;agg_queries_query050_40.sql;agg_queries_query050_49.sql;agg_queries_query050_93.sql;agg_queries_query050_48.sql;agg_queries_query050_17.sql;agg_queries_query050_68.sql;agg_queries_query050_81.sql;agg_queries_query050_8.sql;agg_queries_query050_30.sql;agg_queries_query050_53.sql;agg_queries_query050_87.sql;agg_queries_query050_51.sql;agg_queries_query050_84.sql;agg_queries_query050_45.sql;agg_queries_query050_63.sql;agg_queries_query050_14.sql;agg_queries_query050_7.sql;agg_queries_query050_86.sql;agg_queries_query050_41.sql;agg_queries_query050_70.sql;agg_queries_query050_69.sql;agg_queries_query050_54.sql;agg_queries_query050_1.sql;agg_queries_query050_28.sql;agg_queries_query050_36.sql;agg_queries_query050_77.sql;agg_queries_query050_19.sql;agg_queries_query050_98.sql;agg_queries_query050_44.sql;agg_queries_query050_50.sql;agg_queries_query050_35.sql;agg_queries_query050_82.sql;agg_queries_query050_88.sql;agg_queries_query050_32.sql;agg_queries_query050_78.sql;agg_queries_query050_85.sql;agg_queries_query050_57.sql;agg_queries_query050_72.sql;agg_queries_query050_37.sql;agg_queries_query050_76.sql;agg_queries_query050_42.sql;agg_queries_query050_89.sql;agg_queries_query050_15.sql;agg_queries_query050_39.sql;agg_queries_query050_58.sql,100
dsb_s100,PostgreSQL,20,agg_queries_query019_18.sql;agg_queries_query019_75.sql;agg_queries_query019_77.sql;agg_queries_query019_80.sql;agg_queries_query019_37.sql;agg_queries_query019_39.sql;agg_queries_query019_38.sql;agg_queries_query019_42.sql;agg_queries_query019_68.sql;agg_queries_query019_4.sql;agg_queries_query019_43.sql;agg_queries_query019_57.sql;agg_queries_query019_98.sql;agg_queries_query019_56.sql;agg_queries_query019_23.sql;agg_queries_query019_21.sql;agg_queries_query019_16.sql;agg_queries_query019_34.sql;agg_queries_query019_15.sql;agg_queries_query019_50.sql;agg_queries_query019_44.sql;agg_queries_query019_22.sql;agg_queries_query019_60.sql;agg_queries_query019_33.sql;agg_queries_query019_58.sql;agg_queries_query019_73.sql;agg_queries_query019_67.sql;agg_queries_query019_78.sql;agg_queries_query019_19.sql;agg_queries_query019_20.sql;agg_queries_query019_5.sql;agg_queries_query019_74.sql;agg_queries_query019_85.sql;agg_queries_query019_31.sql;agg_queries_query019_63.sql;agg_queries_query019_81.sql;agg_queries_query019_30.sql;agg_queries_query019_35.sql;agg_queries_query019_1.sql;agg_queries_query019_64.sql;agg_queries_query019_14.sql;agg_queries_query019_69.sql;agg_queries_query019_52.sql;agg_queries_query019_88.sql;agg_queries_query019_93.sql;agg_queries_query019_91.sql;agg_queries_query019_45.sql;agg_queries_query019_79.sql;agg_queries_query019_96.sql;agg_queries_query019_99.sql;agg_queries_query019_12.sql;agg_queries_query019_25.sql;agg_queries_query019_29.sql;agg_queries_query019_0.sql;agg_queries_query019_70.sql;agg_queries_query019_97.sql;agg_queries_query019_84.sql;agg_queries_query019_41.sql;agg_queries_query019_2.sql;agg_queries_query019_10.sql;agg_queries_query019_94.sql;agg_queries_query019_11.sql;agg_queries_query019_55.sql;agg_queries_query019_62.sql;agg_queries_query019_86.sql;agg_queries_query019_3.sql;agg_queries_query019_90.sql;agg_queries_query019_72.sql;agg_queries_query019_65.sql;agg_queries_query019_95.sql;agg_queries_query019_92.sql;agg_queries_query019_8.sql;agg_queries_query019_17.sql;agg_queries_query019_54.sql;agg_queries_query019_40.sql;agg_queries_query019_13.sql;agg_queries_query019_47.sql;agg_queries_query019_24.sql;agg_queries_query019_71.sql;agg_queries_query019_87.sql;agg_queries_query019_32.sql;agg_queries_query019_48.sql;agg_queries_query019_66.sql;agg_queries_query019_89.sql;agg_queries_query019_82.sql;agg_queries_query019_6.sql;agg_queries_query019_61.sql;agg_queries_query019_28.sql;agg_queries_query019_49.sql;agg_queries_query019_51.sql;agg_queries_query019_9.sql;agg_queries_query019_26.sql;agg_queries_query019_7.sql;agg_queries_query019_53.sql;agg_queries_query019_36.sql;agg_queries_query019_76.sql;agg_queries_query019_59.sql;agg_queries_query019_46.sql;agg_queries_query019_83.sql;agg_queries_query019_27.sql,100
dsb_s100,PostgreSQL,21,agg_queries_query101_74.sql;agg_queries_query101_92.sql;agg_queries_query101_43.sql;agg_queries_query101_94.sql;agg_queries_query101_22.sql;agg_queries_query101_46.sql;agg_queries_query101_23.sql;agg_queries_query101_82.sql;agg_queries_query101_68.sql;agg_queries_query101_90.sql;agg_queries_query101_28.sql;agg_queries_query101_19.sql;agg_queries_query101_83.sql;agg_queries_query101_38.sql;agg_queries_query101_30.sql;agg_queries_query101_18.sql;agg_queries_query101_35.sql;agg_queries_query101_12.sql;agg_queries_query101_52.sql;agg_queries_query101_13.sql;agg_queries_query101_6.sql;agg_queries_query101_32.sql;agg_queries_query101_77.sql;agg_queries_query101_72.sql;agg_queries_query101_65.sql;agg_queries_query101_9.sql;agg_queries_query101_81.sql;agg_queries_query101_16.sql;agg_queries_query101_53.sql;agg_queries_query101_8.sql;agg_queries_query101_86.sql;agg_queries_query101_88.sql;agg_queries_query101_33.sql;agg_queries_query101_0.sql;agg_queries_query101_45.sql;agg_queries_query101_95.sql;agg_queries_query101_58.sql;agg_queries_query101_5.sql;agg_queries_query101_59.sql;agg_queries_query101_17.sql;agg_queries_query101_25.sql;agg_queries_query101_44.sql;agg_queries_query101_37.sql;agg_queries_query101_71.sql;agg_queries_query101_78.sql;agg_queries_query101_99.sql;agg_queries_query101_20.sql;agg_queries_query101_3.sql;agg_queries_query101_54.sql;agg_queries_query101_93.sql;agg_queries_query101_2.sql;agg_queries_query101_73.sql;agg_queries_query101_57.sql;agg_queries_query101_75.sql;agg_queries_query101_55.sql;agg_queries_query101_4.sql;agg_queries_query101_24.sql;agg_queries_query101_97.sql;agg_queries_query101_10.sql;agg_queries_query101_80.sql;agg_queries_query101_34.sql;agg_queries_query101_61.sql;agg_queries_query101_39.sql;agg_queries_query101_1.sql;agg_queries_query101_85.sql;agg_queries_query101_21.sql;agg_queries_query101_67.sql;agg_queries_query101_11.sql;agg_queries_query101_96.sql;agg_queries_query101_42.sql;agg_queries_query101_76.sql;agg_queries_query101_29.sql;agg_queries_query101_47.sql;agg_queries_query101_49.sql;agg_queries_query101_51.sql;agg_queries_query101_50.sql;agg_queries_query101_60.sql;agg_queries_query101_15.sql;agg_queries_query101_69.sql;agg_queries_query101_56.sql;agg_queries_query101_98.sql;agg_queries_query101_66.sql;agg_queries_query101_26.sql;agg_queries_query101_40.sql;agg_queries_query101_36.sql;agg_queries_query101_7.sql;agg_queries_query101_63.sql;agg_queries_query101_14.sql;agg_queries_query101_31.sql;agg_queries_query101_89.sql;agg_queries_query101_27.sql;agg_queries_query101_48.sql;agg_queries_query101_91.sql;agg_queries_query101_79.sql;agg_queries_query101_41.sql;agg_queries_query101_87.sql;agg_queries_query101_64.sql;agg_queries_query101_70.sql;agg_queries_query101_62.sql;agg_queries_query101_84.sql,100
dsb_s100,PostgreSQL,22,spj_queries_query100_37.sql;spj_queries_query100_82.sql;spj_queries_query100_74.sql;spj_queries_query100_99.sql;spj_queries_query100_3.sql;spj_queries_query100_9.sql;spj_queries_query100_27.sql;spj_queries_query100_63.sql;spj_queries_query100_7.sql;spj_queries_query100_20.sql;spj_queries_query100_73.sql;spj_queries_query100_44.sql;spj_queries_query100_76.sql;spj_queries_query100_89.sql;spj_queries_query100_19.sql;spj_queries_query100_83.sql;spj_queries_query100_51.sql;spj_queries_query100_38.sql;spj_queries_query100_29.sql;spj_queries_query100_57.sql;spj_queries_query100_58.sql;spj_queries_query100_15.sql;spj_queries_query100_33.sql;spj_queries_query100_55.sql;spj_queries_query100_70.sql;spj_queries_query100_72.sql;spj_queries_query100_66.sql;spj_queries_query100_6.sql;spj_queries_query100_39.sql;spj_queries_query100_67.sql;spj_queries_query100_16.sql;spj_queries_query100_60.sql;spj_queries_query100_93.sql;spj_queries_query100_62.sql;spj_queries_query100_85.sql;spj_queries_query100_69.sql;spj_queries_query100_1.sql;spj_queries_query100_36.sql;spj_queries_query100_40.sql;spj_queries_query100_4.sql;spj_queries_query100_50.sql;spj_queries_query100_0.sql;spj_queries_query100_46.sql;spj_queries_query100_88.sql;spj_queries_query100_59.sql;spj_queries_query100_17.sql;spj_queries_query100_35.sql;spj_queries_query100_92.sql;spj_queries_query100_81.sql;spj_queries_query100_48.sql;spj_queries_query100_32.sql;spj_queries_query100_26.sql;spj_queries_query100_42.sql;spj_queries_query100_87.sql;spj_queries_query100_25.sql;spj_queries_query100_78.sql;spj_queries_query100_64.sql;spj_queries_query100_61.sql;spj_queries_query100_28.sql;spj_queries_query100_12.sql;spj_queries_query100_22.sql;spj_queries_query100_75.sql;spj_queries_query100_95.sql;spj_queries_query100_5.sql;spj_queries_query100_94.sql;spj_queries_query100_41.sql;spj_queries_query100_53.sql;spj_queries_query100_34.sql;spj_queries_query100_68.sql;spj_queries_query100_91.sql;spj_queries_query100_54.sql;spj_queries_query100_8.sql;spj_queries_query100_65.sql;spj_queries_query100_84.sql;spj_queries_query100_56.sql;spj_queries_query100_98.sql;spj_queries_query100_24.sql;spj_queries_query100_23.sql;spj_queries_query100_31.sql;spj_queries_query100_90.sql;spj_queries_query100_10.sql;spj_queries_query100_47.sql;spj_queries_query100_77.sql;spj_queries_query100_49.sql;spj_queries_query100_71.sql;spj_queries_query100_18.sql;spj_queries_query100_2.sql;spj_queries_query100_86.sql;spj_queries_query100_79.sql;spj_queries_query100_21.sql;spj_queries_query100_14.sql;spj_queries_query100_13.sql;spj_queries_query100_45.sql;spj_queries_query100_52.sql;spj_queries_query100_80.sql;spj_queries_query100_96.sql;spj_queries_query100_11.sql;spj_queries_query100_30.sql;spj_queries_query100_43.sql;spj_queries_query100_97.sql,100
dsb_s100,PostgreSQL,23,agg_queries_query100_60.sql;agg_queries_query100_77.sql;agg_queries_query100_4.sql;agg_queries_query100_47.sql;agg_queries_query100_16.sql;agg_queries_query100_14.sql;agg_queries_query100_10.sql;agg_queries_query100_22.sql;agg_queries_query100_35.sql;agg_queries_query100_38.sql;agg_queries_query100_51.sql;agg_queries_query100_17.sql;agg_queries_query100_53.sql;agg_queries_query100_0.sql;agg_queries_query100_72.sql;agg_queries_query100_92.sql;agg_queries_query100_93.sql;agg_queries_query100_73.sql;agg_queries_query100_94.sql;agg_queries_query100_86.sql;agg_queries_query100_37.sql;agg_queries_query100_30.sql;agg_queries_query100_87.sql;agg_queries_query100_80.sql;agg_queries_query100_78.sql;agg_queries_query100_28.sql;agg_queries_query100_5.sql;agg_queries_query100_74.sql;agg_queries_query100_21.sql;agg_queries_query100_68.sql;agg_queries_query100_29.sql;agg_queries_query100_79.sql;agg_queries_query100_48.sql;agg_queries_query100_26.sql;agg_queries_query100_96.sql;agg_queries_query100_44.sql;agg_queries_query100_46.sql;agg_queries_query100_76.sql;agg_queries_query100_31.sql;agg_queries_query100_27.sql;agg_queries_query100_65.sql;agg_queries_query100_25.sql;agg_queries_query100_81.sql;agg_queries_query100_61.sql;agg_queries_query100_90.sql;agg_queries_query100_62.sql;agg_queries_query100_67.sql;agg_queries_query100_82.sql;agg_queries_query100_3.sql;agg_queries_query100_83.sql;agg_queries_query100_7.sql;agg_queries_query100_19.sql;agg_queries_query100_40.sql;agg_queries_query100_42.sql;agg_queries_query100_56.sql;agg_queries_query100_88.sql;agg_queries_query100_49.sql;agg_queries_query100_9.sql;agg_queries_query100_36.sql;agg_queries_query100_13.sql;agg_queries_query100_1.sql;agg_queries_query100_33.sql;agg_queries_query100_23.sql;agg_queries_query100_12.sql;agg_queries_query100_85.sql;agg_queries_query100_43.sql;agg_queries_query100_99.sql;agg_queries_query100_20.sql;agg_queries_query100_57.sql;agg_queries_query100_18.sql;agg_queries_query100_50.sql;agg_queries_query100_97.sql;agg_queries_query100_6.sql;agg_queries_query100_52.sql;agg_queries_query100_98.sql;agg_queries_query100_2.sql;agg_queries_query100_69.sql;agg_queries_query100_71.sql;agg_queries_query100_32.sql;agg_queries_query100_66.sql;agg_queries_query100_89.sql;agg_queries_query100_39.sql;agg_queries_query100_59.sql;agg_queries_query100_11.sql;agg_queries_query100_34.sql;agg_queries_query100_58.sql;agg_queries_query100_64.sql;agg_queries_query100_70.sql;agg_queries_query100_24.sql;agg_queries_query100_75.sql;agg_queries_query100_95.sql;agg_queries_query100_45.sql;agg_queries_query100_55.sql;agg_queries_query100_8.sql;agg_queries_query100_15.sql;agg_queries_query100_63.sql;agg_queries_query100_54.sql;agg_queries_query100_84.sql;agg_queries_query100_91.sql;agg_queries_query100_41.sql,100
dsb_s100,PostgreSQL,24,multi_block_queries_query014_15.sql;multi_block_queries_query014_21.sql;multi_block_queries_query014_43.sql;multi_block_queries_query014_27.sql;multi_block_queries_query014_57.sql;multi_block_queries_query014_42.sql;multi_block_queries_query014_17.sql;multi_block_queries_query014_30.sql;multi_block_queries_query014_46.sql;multi_block_queries_query014_9.sql;multi_block_queries_query014_69.sql;multi_block_queries_query014_72.sql;multi_block_queries_query014_52.sql;multi_block_queries_query014_90.sql;multi_block_queries_query014_22.sql;multi_block_queries_query014_71.sql;multi_block_queries_query014_82.sql;multi_block_queries_query014_86.sql;multi_block_queries_query014_48.sql;multi_block_queries_query014_80.sql;multi_block_queries_query014_65.sql;multi_block_queries_query014_19.sql;multi_block_queries_query014_92.sql;multi_block_queries_query014_13.sql;multi_block_queries_query014_12.sql;multi_block_queries_query014_66.sql;multi_block_queries_query014_20.sql;multi_block_queries_query014_35.sql;multi_block_queries_query014_34.sql;multi_block_queries_query014_56.sql;multi_block_queries_query014_8.sql;multi_block_queries_query014_16.sql;multi_block_queries_query014_2.sql;multi_block_queries_query014_31.sql;multi_block_queries_query014_88.sql;multi_block_queries_query014_10.sql;multi_block_queries_query014_45.sql;multi_block_queries_query014_98.sql;multi_block_queries_query014_64.sql;multi_block_queries_query014_50.sql;multi_block_queries_query014_74.sql;multi_block_queries_query014_23.sql;multi_block_queries_query014_54.sql;multi_block_queries_query014_36.sql;multi_block_queries_query014_62.sql;multi_block_queries_query014_51.sql;multi_block_queries_query014_59.sql;multi_block_queries_query014_47.sql;multi_block_queries_query014_97.sql;multi_block_queries_query014_1.sql;multi_block_queries_query014_68.sql;multi_block_queries_query014_55.sql;multi_block_queries_query014_91.sql;multi_block_queries_query014_85.sql;multi_block_queries_query014_87.sql;multi_block_queries_query014_18.sql;multi_block_queries_query014_60.sql;multi_block_queries_query014_53.sql;multi_block_queries_query014_24.sql;multi_block_queries_query014_3.sql;multi_block_queries_query014_67.sql,61
dsb_s100,PostgreSQL,25,spj_queries_query027_40.sql;spj_queries_query027_5.sql;spj_queries_query027_81.sql;spj_queries_query027_51.sql;spj_queries_query027_2.sql;spj_queries_query027_21.sql;spj_queries_query027_91.sql;spj_queries_query027_52.sql;spj_queries_query027_80.sql;spj_queries_query027_16.sql;spj_queries_query027_41.sql;spj_queries_query027_1.sql;spj_queries_query027_58.sql;spj_queries_query027_68.sql;spj_queries_query027_8.sql;spj_queries_query027_34.sql;spj_queries_query027_12.sql;spj_queries_query027_90.sql;spj_queries_query027_7.sql;spj_queries_query027_44.sql;spj_queries_query027_37.sql;spj_queries_query027_63.sql;spj_queries_query027_94.sql;spj_queries_query027_53.sql;spj_queries_query027_49.sql;spj_queries_query027_28.sql;spj_queries_query027_96.sql;spj_queries_query027_39.sql;spj_queries_query027_69.sql;spj_queries_query027_43.sql;spj_queries_query027_65.sql;spj_queries_query027_64.sql;spj_queries_query027_89.sql;spj_queries_query027_20.sql;spj_queries_query027_22.sql;spj_queries_query027_24.sql;spj_queries_query027_92.sql;spj_queries_query027_55.sql;spj_queries_query027_60.sql;spj_queries_query027_98.sql;spj_queries_query027_59.sql;spj_queries_query027_67.sql;spj_queries_query027_78.sql;spj_queries_query027_4.sql;spj_queries_query027_32.sql;spj_queries_query027_61.sql;spj_queries_query027_73.sql;spj_queries_query027_17.sql;spj_queries_query027_15.sql;spj_queries_query027_47.sql;spj_queries_query027_83.sql;spj_queries_query027_35.sql;spj_queries_query027_45.sql;spj_queries_query027_82.sql;spj_queries_query027_87.sql;spj_queries_query027_25.sql;spj_queries_query027_74.sql;spj_queries_query027_30.sql;spj_queries_query027_0.sql;spj_queries_query027_11.sql;spj_queries_query027_76.sql;spj_queries_query027_56.sql;spj_queries_query027_13.sql;spj_queries_query027_97.sql;spj_queries_query027_27.sql;spj_queries_query027_42.sql;spj_queries_query027_48.sql;spj_queries_query027_54.sql;spj_queries_query027_62.sql;spj_queries_query027_10.sql;spj_queries_query027_6.sql;spj_queries_query027_86.sql;spj_queries_query027_66.sql;spj_queries_query027_57.sql;spj_queries_query027_3.sql;spj_queries_query027_75.sql;spj_queries_query027_26.sql;spj_queries_query027_99.sql;spj_queries_query027_70.sql;spj_queries_query027_18.sql;spj_queries_query027_19.sql;spj_queries_query027_14.sql;spj_queries_query027_85.sql;spj_queries_query027_72.sql;spj_queries_query027_31.sql;spj_queries_query027_36.sql;spj_queries_query027_71.sql;spj_queries_query027_79.sql;spj_queries_query027_29.sql;spj_queries_query027_95.sql;spj_queries_query027_9.sql;spj_queries_query027_33.sql;spj_queries_query027_46.sql;spj_queries_query027_77.sql;spj_queries_query027_88.sql;spj_queries_query027_50.sql;spj_queries_query027_38.sql;spj_queries_query027_84.sql;spj_queries_query027_23.sql;spj_queries_query027_93.sql,100
dsb_s100,PostgreSQL,26,multi_block_queries_query038_75.sql;multi_block_queries_query038_55.sql;multi_block_queries_query038_47.sql;multi_block_queries_query038_59.sql;multi_block_queries_query038_0.sql;multi_block_queries_query038_89.sql;multi_block_queries_query038_35.sql;multi_block_queries_query038_17.sql;multi_block_queries_query038_43.sql;multi_block_queries_query038_45.sql;multi_block_queries_query038_36.sql;multi_block_queries_query038_5.sql;multi_block_queries_query038_2.sql;multi_block_queries_query038_50.sql;multi_block_queries_query038_20.sql;multi_block_queries_query038_78.sql;multi_block_queries_query038_13.sql;multi_block_queries_query038_63.sql;multi_block_queries_query038_37.sql;multi_block_queries_query038_38.sql;multi_block_queries_query038_3.sql;multi_block_queries_query038_42.sql;multi_block_queries_query038_98.sql;multi_block_queries_query038_57.sql;multi_block_queries_query038_96.sql;multi_block_queries_query038_49.sql;multi_block_queries_query038_16.sql;multi_block_queries_query038_23.sql;multi_block_queries_query038_72.sql;multi_block_queries_query038_19.sql;multi_block_queries_query038_51.sql;multi_block_queries_query038_8.sql;multi_block_queries_query038_32.sql,33
dsb_s100,PostgreSQL,27,agg_queries_query091_6.sql;agg_queries_query091_67.sql;agg_queries_query091_78.sql;agg_queries_query091_32.sql;agg_queries_query091_43.sql;agg_queries_query091_65.sql;agg_queries_query091_62.sql;agg_queries_query091_45.sql;agg_queries_query091_5.sql;agg_queries_query091_44.sql;agg_queries_query091_17.sql;agg_queries_query091_36.sql;agg_queries_query091_71.sql;agg_queries_query091_31.sql;agg_queries_query091_63.sql;agg_queries_query091_26.sql;agg_queries_query091_58.sql;agg_queries_query091_74.sql;agg_queries_query091_3.sql;agg_queries_query091_12.sql;agg_queries_query091_99.sql;agg_queries_query091_98.sql;agg_queries_query091_77.sql;agg_queries_query091_83.sql;agg_queries_query091_84.sql;agg_queries_query091_89.sql;agg_queries_query091_8.sql;agg_queries_query091_23.sql;agg_queries_query091_79.sql;agg_queries_query091_38.sql;agg_queries_query091_27.sql;agg_queries_query091_57.sql;agg_queries_query091_95.sql;agg_queries_query091_40.sql;agg_queries_query091_47.sql;agg_queries_query091_22.sql;agg_queries_query091_24.sql;agg_queries_query091_48.sql;agg_queries_query091_34.sql;agg_queries_query091_15.sql;agg_queries_query091_85.sql;agg_queries_query091_18.sql;agg_queries_query091_76.sql;agg_queries_query091_82.sql;agg_queries_query091_87.sql;agg_queries_query091_42.sql;agg_queries_query091_1.sql;agg_queries_query091_7.sql;agg_queries_query091_59.sql;agg_queries_query091_41.sql;agg_queries_query091_81.sql;agg_queries_query091_16.sql;agg_queries_query091_4.sql;agg_queries_query091_35.sql;agg_queries_query091_51.sql;agg_queries_query091_10.sql;agg_queries_query091_80.sql;agg_queries_query091_29.sql;agg_queries_query091_69.sql;agg_queries_query091_70.sql;agg_queries_query091_72.sql;agg_queries_query091_20.sql;agg_queries_query091_97.sql;agg_queries_query091_86.sql;agg_queries_query091_66.sql;agg_queries_query091_56.sql;agg_queries_query091_9.sql;agg_queries_query091_52.sql;agg_queries_query091_14.sql;agg_queries_query091_60.sql;agg_queries_query091_49.sql;agg_queries_query091_21.sql;agg_queries_query091_37.sql;agg_queries_query091_19.sql;agg_queries_query091_39.sql;agg_queries_query091_28.sql;agg_queries_query091_92.sql;agg_queries_query091_91.sql;agg_queries_query091_90.sql;agg_queries_query091_94.sql;agg_queries_query091_64.sql;agg_queries_query091_55.sql;agg_queries_query091_54.sql;agg_queries_query091_88.sql;agg_queries_query091_25.sql;agg_queries_query091_93.sql;agg_queries_query091_11.sql;agg_queries_query091_13.sql;agg_queries_query091_75.sql;agg_queries_query091_53.sql;agg_queries_query091_61.sql;agg_queries_query091_30.sql;agg_queries_query091_68.sql;agg_queries_query091_33.sql;agg_queries_query091_2.sql;agg_queries_query091_96.sql;agg_queries_query091_0.sql;agg_queries_query091_73.sql;agg_queries_query091_46.sql;agg_queries_query091_50.sql,100
dsb_s100,PostgreSQL,28,multi_block_queries_query038_34.sql;multi_block_queries_query038_12.sql;multi_block_queries_query038_84.sql;multi_block_queries_query038_39.sql;multi_block_queries_query038_7.sql;multi_block_queries_query038_69.sql;multi_block_queries_query038_56.sql;multi_block_queries_query038_90.sql;multi_block_queries_query038_66.sql;multi_block_queries_query038_52.sql;multi_block_queries_query038_15.sql;multi_block_queries_query038_4.sql;multi_block_queries_query038_24.sql;multi_block_queries_query038_6.sql;multi_block_queries_query038_77.sql;multi_block_queries_query038_97.sql;multi_block_queries_query038_81.sql;multi_block_queries_query038_33.sql;multi_block_queries_query038_40.sql;multi_block_queries_query038_44.sql;multi_block_queries_query038_54.sql;multi_block_queries_query038_27.sql;multi_block_queries_query038_29.sql;multi_block_queries_query038_60.sql;multi_block_queries_query038_99.sql;multi_block_queries_query038_41.sql;multi_block_queries_query038_94.sql;multi_block_queries_query038_95.sql;multi_block_queries_query038_28.sql;multi_block_queries_query038_68.sql;multi_block_queries_query038_58.sql;multi_block_queries_query038_30.sql;multi_block_queries_query038_70.sql;multi_block_queries_query038_65.sql;multi_block_queries_query038_11.sql;multi_block_queries_query038_61.sql;multi_block_queries_query038_79.sql;multi_block_queries_query038_92.sql;multi_block_queries_query038_9.sql;multi_block_queries_query038_87.sql;multi_block_queries_query038_18.sql;multi_block_queries_query038_88.sql;multi_block_queries_query038_93.sql;multi_block_queries_query038_25.sql;multi_block_queries_query038_1.sql;multi_block_queries_query038_71.sql;multi_block_queries_query038_62.sql;multi_block_queries_query038_22.sql;multi_block_queries_query038_26.sql;multi_block_queries_query038_10.sql;multi_block_queries_query038_86.sql;multi_block_queries_query038_46.sql;multi_block_queries_query038_83.sql;multi_block_queries_query038_31.sql;multi_block_queries_query038_48.sql;multi_block_queries_query038_73.sql;multi_block_queries_query038_64.sql;multi_block_queries_query038_82.sql;multi_block_queries_query038_67.sql;multi_block_queries_query038_21.sql,60
dsb_s100,PostgreSQL,29,multi_block_queries_query039_90.sql;multi_block_queries_query039_69.sql;multi_block_queries_query039_92.sql;multi_block_queries_query039_57.sql;multi_block_queries_query039_6.sql;multi_block_queries_query039_94.sql;multi_block_queries_query039_37.sql;multi_block_queries_query039_62.sql;multi_block_queries_query039_17.sql;multi_block_queries_query039_38.sql;multi_block_queries_query039_16.sql;multi_block_queries_query039_63.sql;multi_block_queries_query039_8.sql;multi_block_queries_query039_70.sql;multi_block_queries_query039_66.sql;multi_block_queries_query039_89.sql;multi_block_queries_query039_4.sql;multi_block_queries_query039_42.sql;multi_block_queries_query039_9.sql;multi_block_queries_query039_12.sql;multi_block_queries_query039_21.sql;multi_block_queries_query039_49.sql;multi_block_queries_query039_96.sql;multi_block_queries_query039_91.sql;multi_block_queries_query039_84.sql;multi_block_queries_query039_68.sql;multi_block_queries_query039_40.sql;multi_block_queries_query039_81.sql;multi_block_queries_query039_48.sql;multi_block_queries_query039_83.sql;multi_block_queries_query039_11.sql;multi_block_queries_query039_88.sql;multi_block_queries_query039_98.sql;multi_block_queries_query039_32.sql;multi_block_queries_query039_73.sql;multi_block_queries_query039_58.sql;multi_block_queries_query039_25.sql;multi_block_queries_query039_41.sql;multi_block_queries_query039_47.sql;multi_block_queries_query039_53.sql;multi_block_queries_query039_43.sql;multi_block_queries_query039_45.sql;multi_block_queries_query039_15.sql;multi_block_queries_query039_54.sql;multi_block_queries_query039_35.sql;multi_block_queries_query039_7.sql;multi_block_queries_query039_5.sql;multi_block_queries_query039_39.sql;multi_block_queries_query039_60.sql;multi_block_queries_query039_28.sql;multi_block_queries_query039_59.sql;multi_block_queries_query039_71.sql;multi_block_queries_query039_61.sql;multi_block_queries_query039_74.sql;multi_block_queries_query039_26.sql;multi_block_queries_query039_33.sql;multi_block_queries_query039_86.sql;multi_block_queries_query039_14.sql;multi_block_queries_query039_67.sql;multi_block_queries_query039_34.sql;multi_block_queries_query039_97.sql;multi_block_queries_query039_29.sql;multi_block_queries_query039_3.sql;multi_block_queries_query039_46.sql;multi_block_queries_query039_0.sql;multi_block_queries_query039_51.sql;multi_block_queries_query039_78.sql;multi_block_queries_query039_27.sql;multi_block_queries_query039_56.sql;multi_block_queries_query039_44.sql;multi_block_queries_query039_76.sql;multi_block_queries_query039_13.sql;multi_block_queries_query039_20.sql;multi_block_queries_query039_18.sql;multi_block_queries_query039_24.sql;multi_block_queries_query039_55.sql;multi_block_queries_query039_77.sql;multi_block_queries_query039_75.sql;multi_block_queries_query039_80.sql;multi_block_queries_query039_36.sql;multi_block_queries_query039_23.sql;multi_block_queries_query039_99.sql;multi_block_queries_query039_2.sql;multi_block_queries_query039_95.sql;multi_block_queries_query039_79.sql;multi_block_queries_query039_1.sql;multi_block_queries_query039_64.sql;multi_block_queries_query039_87.sql;multi_block_queries_query039_30.sql;multi_block_queries_query039_19.sql;multi_block_queries_query039_72.sql;multi_block_queries_query039_50.sql;multi_block_queries_query039_85.sql;multi_block_queries_query039_93.sql;multi_block_queries_query039_82.sql;multi_block_queries_query039_52.sql;multi_block_queries_query039_22.sql;multi_block_queries_query039_10.sql;multi_block_queries_query039_31.sql;multi_block_queries_query039_65.sql,100
dsb_s100,PostgreSQL,30,agg_queries_query018_96.sql;agg_queries_query018_38.sql;agg_queries_query018_71.sql;agg_queries_query018_66.sql;agg_queries_query018_80.sql;agg_queries_query018_61.sql;agg_queries_query018_91.sql;agg_queries_query018_73.sql;agg_queries_query018_17.sql;agg_queries_query018_69.sql;agg_queries_query018_36.sql;agg_queries_query018_32.sql;agg_queries_query018_92.sql;agg_queries_query018_14.sql;agg_queries_query018_25.sql;agg_queries_query018_4.sql;agg_queries_query018_37.sql;agg_queries_query018_60.sql;agg_queries_query018_82.sql;agg_queries_query018_15.sql;agg_queries_query018_85.sql;agg_queries_query018_54.sql;agg_queries_query018_95.sql;agg_queries_query018_79.sql;agg_queries_query018_75.sql;agg_queries_query018_89.sql;agg_queries_query018_64.sql;agg_queries_query018_2.sql;agg_queries_query018_86.sql;agg_queries_query018_68.sql;agg_queries_query018_81.sql;agg_queries_query018_97.sql;agg_queries_query018_63.sql;agg_queries_query018_40.sql;agg_queries_query018_21.sql;agg_queries_query018_28.sql;agg_queries_query018_6.sql;agg_queries_query018_20.sql;agg_queries_query018_31.sql;agg_queries_query018_5.sql;agg_queries_query018_47.sql;agg_queries_query018_59.sql;agg_queries_query018_46.sql;agg_queries_query018_23.sql;agg_queries_query018_58.sql;agg_queries_query018_72.sql;agg_queries_query018_0.sql;agg_queries_query018_35.sql;agg_queries_query018_11.sql;agg_queries_query018_22.sql;agg_queries_query018_26.sql;agg_queries_query018_44.sql;agg_queries_query018_98.sql;agg_queries_query018_52.sql;agg_queries_query018_87.sql;agg_queries_query018_10.sql;agg_queries_query018_67.sql;agg_queries_query018_77.sql;agg_queries_query018_41.sql;agg_queries_query018_1.sql;agg_queries_query018_56.sql;agg_queries_query018_39.sql;agg_queries_query018_94.sql;agg_queries_query018_12.sql;agg_queries_query018_18.sql;agg_queries_query018_43.sql;agg_queries_query018_9.sql;agg_queries_query018_88.sql;agg_queries_query018_62.sql;agg_queries_query018_49.sql;agg_queries_query018_74.sql;agg_queries_query018_33.sql;agg_queries_query018_53.sql;agg_queries_query018_19.sql;agg_queries_query018_30.sql;agg_queries_query018_8.sql;agg_queries_query018_99.sql;agg_queries_query018_51.sql;agg_queries_query018_55.sql;agg_queries_query018_84.sql;agg_queries_query018_78.sql;agg_queries_query018_93.sql;agg_queries_query018_45.sql;agg_queries_query018_65.sql;agg_queries_query018_57.sql;agg_queries_query018_48.sql;agg_queries_query018_42.sql;agg_queries_query018_50.sql;agg_queries_query018_3.sql;agg_queries_query018_7.sql;agg_queries_query018_90.sql;agg_queries_query018_34.sql;agg_queries_query018_27.sql;agg_queries_query018_24.sql;agg_queries_query018_13.sql;agg_queries_query018_76.sql;agg_queries_query018_16.sql;agg_queries_query018_70.sql;agg_queries_query018_83.sql;agg_queries_query018_29.sql,100
dsb_s100,PostgreSQL,31,multi_block_queries_query010_42.sql;multi_block_queries_query010_26.sql;multi_block_queries_query010_67.sql;multi_block_queries_query010_33.sql;multi_block_queries_query010_86.sql;multi_block_queries_query010_69.sql;multi_block_queries_query010_25.sql;multi_block_queries_query010_15.sql;multi_block_queries_query010_36.sql;multi_block_queries_query010_72.sql;multi_block_queries_query010_6.sql;multi_block_queries_query010_49.sql;multi_block_queries_query010_61.sql;multi_block_queries_query010_54.sql;multi_block_queries_query010_84.sql;multi_block_queries_query010_99.sql;multi_block_queries_query010_78.sql;multi_block_queries_query010_96.sql;multi_block_queries_query010_57.sql;multi_block_queries_query010_89.sql;multi_block_queries_query010_24.sql;multi_block_queries_query010_35.sql;multi_block_queries_query010_7.sql;multi_block_queries_query010_5.sql;multi_block_queries_query010_48.sql;multi_block_queries_query010_4.sql;multi_block_queries_query010_3.sql;multi_block_queries_query010_73.sql;multi_block_queries_query010_64.sql;multi_block_queries_query010_76.sql;multi_block_queries_query010_21.sql;multi_block_queries_query010_68.sql;multi_block_queries_query010_37.sql;multi_block_queries_query010_44.sql;multi_block_queries_query010_1.sql;multi_block_queries_query010_34.sql;multi_block_queries_query010_85.sql;multi_block_queries_query010_53.sql;multi_block_queries_query010_56.sql;multi_block_queries_query010_8.sql;multi_block_queries_query010_87.sql;multi_block_queries_query010_71.sql;multi_block_queries_query010_75.sql;multi_block_queries_query010_22.sql;multi_block_queries_query010_52.sql;multi_block_queries_query010_17.sql;multi_block_queries_query010_80.sql;multi_block_queries_query010_10.sql;multi_block_queries_query010_20.sql;multi_block_queries_query010_63.sql;multi_block_queries_query010_94.sql;multi_block_queries_query010_27.sql;multi_block_queries_query010_0.sql;multi_block_queries_query010_70.sql;multi_block_queries_query010_16.sql;multi_block_queries_query010_77.sql;multi_block_queries_query010_47.sql;multi_block_queries_query010_40.sql;multi_block_queries_query010_46.sql;multi_block_queries_query010_13.sql;multi_block_queries_query010_9.sql;multi_block_queries_query010_59.sql;multi_block_queries_query010_74.sql;multi_block_queries_query010_31.sql;multi_block_queries_query010_51.sql;multi_block_queries_query010_38.sql;multi_block_queries_query010_19.sql;multi_block_queries_query010_30.sql;multi_block_queries_query010_90.sql;multi_block_queries_query010_62.sql;multi_block_queries_query010_79.sql;multi_block_queries_query010_14.sql;multi_block_queries_query010_66.sql;multi_block_queries_query010_23.sql;multi_block_queries_query010_43.sql;multi_block_queries_query010_58.sql;multi_block_queries_query010_82.sql;multi_block_queries_query010_50.sql;multi_block_queries_query010_29.sql;multi_block_queries_query010_55.sql;multi_block_queries_query010_81.sql;multi_block_queries_query010_97.sql;multi_block_queries_query010_45.sql;multi_block_queries_query010_95.sql;multi_block_queries_query010_11.sql;multi_block_queries_query010_93.sql;multi_block_queries_query010_28.sql;multi_block_queries_query010_39.sql;multi_block_queries_query010_41.sql;multi_block_queries_query010_60.sql;multi_block_queries_query010_98.sql;multi_block_queries_query010_12.sql;multi_block_queries_query010_2.sql;multi_block_queries_query010_32.sql;multi_block_queries_query010_83.sql;multi_block_queries_query010_91.sql;multi_block_queries_query010_65.sql;multi_block_queries_query010_88.sql;multi_block_queries_query010_92.sql;multi_block_queries_query010_18.sql,100
dsb_s100,PostgreSQL,32,multi_block_queries_query030_73.sql;multi_block_queries_query030_94.sql;multi_block_queries_query030_15.sql;multi_block_queries_query030_56.sql;multi_block_queries_query030_92.sql;multi_block_queries_query030_19.sql;multi_block_queries_query030_99.sql;multi_block_queries_query030_90.sql;multi_block_queries_query030_97.sql;multi_block_queries_query030_70.sql;multi_block_queries_query030_9.sql;multi_block_queries_query030_18.sql;multi_block_queries_query030_24.sql;multi_block_queries_query030_63.sql;multi_block_queries_query030_64.sql;multi_block_queries_query030_46.sql;multi_block_queries_query030_10.sql;multi_block_queries_query030_67.sql;multi_block_queries_query030_25.sql;multi_block_queries_query030_17.sql;multi_block_queries_query030_4.sql;multi_block_queries_query030_53.sql;multi_block_queries_query030_29.sql;multi_block_queries_query030_62.sql;multi_block_queries_query030_26.sql;multi_block_queries_query030_77.sql;multi_block_queries_query030_39.sql;multi_block_queries_query030_7.sql;multi_block_queries_query030_58.sql;multi_block_queries_query030_13.sql;multi_block_queries_query030_74.sql;multi_block_queries_query030_71.sql;multi_block_queries_query030_68.sql;multi_block_queries_query030_32.sql;multi_block_queries_query030_76.sql;multi_block_queries_query030_61.sql;multi_block_queries_query030_36.sql;multi_block_queries_query030_86.sql;multi_block_queries_query030_57.sql;multi_block_queries_query030_93.sql;multi_block_queries_query030_0.sql;multi_block_queries_query030_95.sql;multi_block_queries_query030_22.sql;multi_block_queries_query030_66.sql;multi_block_queries_query030_2.sql;multi_block_queries_query030_54.sql;multi_block_queries_query030_20.sql;multi_block_queries_query030_8.sql;multi_block_queries_query030_65.sql;multi_block_queries_query030_59.sql;multi_block_queries_query030_6.sql;multi_block_queries_query030_98.sql;multi_block_queries_query030_60.sql;multi_block_queries_query030_82.sql;multi_block_queries_query030_35.sql;multi_block_queries_query030_31.sql;multi_block_queries_query030_52.sql;multi_block_queries_query030_1.sql;multi_block_queries_query030_49.sql;multi_block_queries_query030_41.sql;multi_block_queries_query030_79.sql;multi_block_queries_query030_81.sql;multi_block_queries_query030_38.sql;multi_block_queries_query030_40.sql;multi_block_queries_query030_55.sql;multi_block_queries_query030_80.sql;multi_block_queries_query030_48.sql;multi_block_queries_query030_51.sql;multi_block_queries_query030_87.sql;multi_block_queries_query030_16.sql;multi_block_queries_query030_43.sql;multi_block_queries_query030_21.sql;multi_block_queries_query030_85.sql;multi_block_queries_query030_69.sql;multi_block_queries_query030_45.sql;multi_block_queries_query030_30.sql;multi_block_queries_query030_91.sql;multi_block_queries_query030_12.sql;multi_block_queries_query030_75.sql;multi_block_queries_query030_96.sql;multi_block_queries_query030_78.sql;multi_block_queries_query030_47.sql;multi_block_queries_query030_33.sql;multi_block_queries_query030_5.sql;multi_block_queries_query030_88.sql;multi_block_queries_query030_23.sql;multi_block_queries_query030_14.sql;multi_block_queries_query030_89.sql;multi_block_queries_query030_72.sql;multi_block_queries_query030_3.sql;multi_block_queries_query030_27.sql;multi_block_queries_query030_44.sql;multi_block_queries_query030_37.sql;multi_block_queries_query030_28.sql;multi_block_queries_query030_34.sql;multi_block_queries_query030_42.sql;multi_block_queries_query030_83.sql;multi_block_queries_query030_84.sql;multi_block_queries_query030_50.sql;multi_block_queries_query030_11.sql,100
dsb_s100,PostgreSQL,33,multi_block_queries_query080_97.sql;multi_block_queries_query080_86.sql;multi_block_queries_query080_10.sql;multi_block_queries_query080_9.sql;multi_block_queries_query080_64.sql;multi_block_queries_query080_55.sql;multi_block_queries_query080_1.sql;multi_block_queries_query080_21.sql;multi_block_queries_query080_48.sql;multi_block_queries_query080_22.sql;multi_block_queries_query080_90.sql;multi_block_queries_query080_74.sql;multi_block_queries_query080_94.sql;multi_block_queries_query080_89.sql;multi_block_queries_query080_70.sql;multi_block_queries_query080_79.sql;multi_block_queries_query080_72.sql;multi_block_queries_query080_61.sql;multi_block_queries_query080_56.sql;multi_block_queries_query080_43.sql;multi_block_queries_query080_71.sql;multi_block_queries_query080_53.sql;multi_block_queries_query080_80.sql;multi_block_queries_query080_18.sql;multi_block_queries_query080_66.sql;multi_block_queries_query080_54.sql;multi_block_queries_query080_75.sql;multi_block_queries_query080_62.sql;multi_block_queries_query080_41.sql;multi_block_queries_query080_49.sql;multi_block_queries_query080_7.sql;multi_block_queries_query080_96.sql;multi_block_queries_query080_87.sql;multi_block_queries_query080_98.sql;multi_block_queries_query080_84.sql;multi_block_queries_query080_37.sql;multi_block_queries_query080_8.sql;multi_block_queries_query080_65.sql;multi_block_queries_query080_67.sql;multi_block_queries_query080_76.sql;multi_block_queries_query080_15.sql;multi_block_queries_query080_68.sql;multi_block_queries_query080_92.sql;multi_block_queries_query080_44.sql;multi_block_queries_query080_46.sql;multi_block_queries_query080_2.sql;multi_block_queries_query080_20.sql;multi_block_queries_query080_38.sql;multi_block_queries_query080_47.sql;multi_block_queries_query080_60.sql;multi_block_queries_query080_28.sql;multi_block_queries_query080_24.sql;multi_block_queries_query080_82.sql;multi_block_queries_query080_12.sql;multi_block_queries_query080_11.sql;multi_block_queries_query080_17.sql;multi_block_queries_query080_73.sql;multi_block_queries_query080_78.sql;multi_block_queries_query080_52.sql;multi_block_queries_query080_40.sql;multi_block_queries_query080_33.sql;multi_block_queries_query080_69.sql;multi_block_queries_query080_27.sql;multi_block_queries_query080_4.sql;multi_block_queries_query080_32.sql;multi_block_queries_query080_95.sql;multi_block_queries_query080_45.sql;multi_block_queries_query080_19.sql;multi_block_queries_query080_14.sql;multi_block_queries_query080_16.sql;multi_block_queries_query080_51.sql;multi_block_queries_query080_58.sql;multi_block_queries_query080_77.sql;multi_block_queries_query080_31.sql;multi_block_queries_query080_99.sql;multi_block_queries_query080_29.sql;multi_block_queries_query080_63.sql;multi_block_queries_query080_0.sql;multi_block_queries_query080_59.sql;multi_block_queries_query080_34.sql;multi_block_queries_query080_3.sql;multi_block_queries_query080_26.sql;multi_block_queries_query080_25.sql;multi_block_queries_query080_85.sql;multi_block_queries_query080_6.sql;multi_block_queries_query080_50.sql;multi_block_queries_query080_13.sql;multi_block_queries_query080_88.sql;multi_block_queries_query080_81.sql;multi_block_queries_query080_35.sql;multi_block_queries_query080_42.sql;multi_block_queries_query080_5.sql;multi_block_queries_query080_83.sql;multi_block_queries_query080_57.sql;multi_block_queries_query080_30.sql;multi_block_queries_query080_36.sql;multi_block_queries_query080_39.sql;multi_block_queries_query080_93.sql;multi_block_queries_query080_91.sql;multi_block_queries_query080_23.sql,100
dsb_s100,PostgreSQL,34,spj_queries_query091_85.sql;spj_queries_query091_42.sql;spj_queries_query091_98.sql;spj_queries_query091_83.sql;spj_queries_query091_24.sql;spj_queries_query091_7.sql;spj_queries_query091_27.sql;spj_queries_query091_13.sql;spj_queries_query091_51.sql;spj_queries_query091_18.sql;spj_queries_query091_6.sql;spj_queries_query091_88.sql;spj_queries_query091_93.sql;spj_queries_query091_58.sql;spj_queries_query091_95.sql;spj_queries_query091_89.sql;spj_queries_query091_12.sql;spj_queries_query091_39.sql;spj_queries_query091_97.sql;spj_queries_query091_9.sql;spj_queries_query091_46.sql;spj_queries_query091_65.sql;spj_queries_query091_56.sql;spj_queries_query091_50.sql;spj_queries_query091_57.sql;spj_queries_query091_53.sql;spj_queries_query091_43.sql;spj_queries_query091_75.sql;spj_queries_query091_52.sql;spj_queries_query091_19.sql;spj_queries_query091_72.sql;spj_queries_query091_62.sql;spj_queries_query091_16.sql;spj_queries_query091_78.sql;spj_queries_query091_49.sql;spj_queries_query091_96.sql;spj_queries_query091_32.sql;spj_queries_query091_10.sql;spj_queries_query091_28.sql;spj_queries_query091_20.sql;spj_queries_query091_63.sql;spj_queries_query091_68.sql;spj_queries_query091_70.sql;spj_queries_query091_82.sql;spj_queries_query091_23.sql;spj_queries_query091_60.sql;spj_queries_query091_11.sql;spj_queries_query091_81.sql;spj_queries_query091_55.sql;spj_queries_query091_77.sql;spj_queries_query091_30.sql;spj_queries_query091_26.sql;spj_queries_query091_15.sql;spj_queries_query091_25.sql;spj_queries_query091_76.sql;spj_queries_query091_37.sql;spj_queries_query091_33.sql;spj_queries_query091_91.sql;spj_queries_query091_66.sql;spj_queries_query091_8.sql;spj_queries_query091_14.sql;spj_queries_query091_35.sql;spj_queries_query091_31.sql;spj_queries_query091_1.sql;spj_queries_query091_44.sql;spj_queries_query091_67.sql;spj_queries_query091_3.sql;spj_queries_query091_74.sql;spj_queries_query091_90.sql;spj_queries_query091_71.sql;spj_queries_query091_41.sql;spj_queries_query091_21.sql;spj_queries_query091_47.sql;spj_queries_query091_45.sql;spj_queries_query091_5.sql;spj_queries_query091_84.sql;spj_queries_query091_4.sql;spj_queries_query091_80.sql;spj_queries_query091_54.sql;spj_queries_query091_92.sql;spj_queries_query091_99.sql;spj_queries_query091_36.sql;spj_queries_query091_69.sql;spj_queries_query091_64.sql;spj_queries_query091_59.sql;spj_queries_query091_87.sql;spj_queries_query091_0.sql;spj_queries_query091_38.sql;spj_queries_query091_86.sql;spj_queries_query091_94.sql;spj_queries_query091_40.sql;spj_queries_query091_48.sql;spj_queries_query091_34.sql;spj_queries_query091_2.sql;spj_queries_query091_73.sql;spj_queries_query091_22.sql;spj_queries_query091_17.sql;spj_queries_query091_79.sql;spj_queries_query091_61.sql;spj_queries_query091_29.sql,100
dsb_s100,PostgreSQL,35,multi_block_queries_query023_48.sql;multi_block_queries_query023_45.sql;multi_block_queries_query023_71.sql;multi_block_queries_query023_49.sql;multi_block_queries_query023_72.sql;multi_block_queries_query023_34.sql;multi_block_queries_query023_64.sql;multi_block_queries_query023_22.sql;multi_block_queries_query023_97.sql;multi_block_queries_query023_92.sql;multi_block_queries_query023_86.sql;multi_block_queries_query023_17.sql;multi_block_queries_query023_2.sql;multi_block_queries_query023_56.sql;multi_block_queries_query023_82.sql;multi_block_queries_query023_95.sql;multi_block_queries_query023_10.sql;multi_block_queries_query023_40.sql;multi_block_queries_query023_0.sql;multi_block_queries_query023_31.sql;multi_block_queries_query023_59.sql;multi_block_queries_query023_55.sql;multi_block_queries_query023_58.sql;multi_block_queries_query023_30.sql;multi_block_queries_query023_93.sql;multi_block_queries_query023_77.sql;multi_block_queries_query023_4.sql;multi_block_queries_query023_89.sql;multi_block_queries_query023_27.sql;multi_block_queries_query023_91.sql;multi_block_queries_query023_63.sql;multi_block_queries_query023_84.sql;multi_block_queries_query023_19.sql;multi_block_queries_query023_96.sql;multi_block_queries_query023_87.sql;multi_block_queries_query023_28.sql;multi_block_queries_query023_61.sql;multi_block_queries_query023_39.sql;multi_block_queries_query023_38.sql;multi_block_queries_query023_46.sql;multi_block_queries_query023_79.sql;multi_block_queries_query023_53.sql;multi_block_queries_query023_43.sql;multi_block_queries_query023_21.sql;multi_block_queries_query023_12.sql;multi_block_queries_query023_57.sql;multi_block_queries_query023_50.sql;multi_block_queries_query023_7.sql;multi_block_queries_query023_54.sql;multi_block_queries_query023_24.sql;multi_block_queries_query023_29.sql;multi_block_queries_query023_6.sql;multi_block_queries_query023_15.sql;multi_block_queries_query023_9.sql;multi_block_queries_query023_18.sql;multi_block_queries_query023_26.sql;multi_block_queries_query023_80.sql;multi_block_queries_query023_62.sql;multi_block_queries_query023_81.sql;multi_block_queries_query023_32.sql;multi_block_queries_query023_65.sql;multi_block_queries_query023_33.sql;multi_block_queries_query023_44.sql;multi_block_queries_query023_11.sql;multi_block_queries_query023_51.sql;multi_block_queries_query023_76.sql;multi_block_queries_query023_25.sql;multi_block_queries_query023_13.sql;multi_block_queries_query023_83.sql;multi_block_queries_query023_20.sql;multi_block_queries_query023_94.sql;multi_block_queries_query023_66.sql;multi_block_queries_query023_35.sql;multi_block_queries_query023_37.sql;multi_block_queries_query023_67.sql;multi_block_queries_query023_90.sql;multi_block_queries_query023_73.sql;multi_block_queries_query023_75.sql;multi_block_queries_query023_42.sql;multi_block_queries_query023_78.sql;multi_block_queries_query023_88.sql;multi_block_queries_query023_5.sql;multi_block_queries_query023_36.sql;multi_block_queries_query023_47.sql;multi_block_queries_query023_8.sql;multi_block_queries_query023_16.sql;multi_block_queries_query023_99.sql;multi_block_queries_query023_52.sql;multi_block_queries_query023_60.sql;multi_block_queries_query023_69.sql;multi_block_queries_query023_23.sql;multi_block_queries_query023_85.sql;multi_block_queries_query023_74.sql;multi_block_queries_query023_98.sql;multi_block_queries_query023_68.sql;multi_block_queries_query023_14.sql;multi_block_queries_query023_70.sql;multi_block_queries_query023_1.sql;multi_block_queries_query023_41.sql;multi_block_queries_query023_3.sql,100
dsb_s100,PostgreSQL,36,multi_block_queries_query054_53.sql;multi_block_queries_query054_76.sql;multi_block_queries_query054_66.sql;multi_block_queries_query054_8.sql;multi_block_queries_query054_63.sql;multi_block_queries_query054_71.sql;multi_block_queries_query054_12.sql;multi_block_queries_query054_16.sql;multi_block_queries_query054_20.sql;multi_block_queries_query054_17.sql;multi_block_queries_query054_89.sql;multi_block_queries_query054_42.sql;multi_block_queries_query054_97.sql;multi_block_queries_query054_18.sql;multi_block_queries_query054_36.sql;multi_block_queries_query054_15.sql;multi_block_queries_query054_73.sql;multi_block_queries_query054_30.sql;multi_block_queries_query054_64.sql;multi_block_queries_query054_29.sql;multi_block_queries_query054_9.sql;multi_block_queries_query054_68.sql;multi_block_queries_query054_75.sql;multi_block_queries_query054_28.sql;multi_block_queries_query054_50.sql;multi_block_queries_query054_23.sql;multi_block_queries_query054_38.sql;multi_block_queries_query054_80.sql;multi_block_queries_query054_4.sql;multi_block_queries_query054_49.sql;multi_block_queries_query054_25.sql;multi_block_queries_query054_44.sql;multi_block_queries_query054_41.sql;multi_block_queries_query054_62.sql;multi_block_queries_query054_92.sql;multi_block_queries_query054_79.sql;multi_block_queries_query054_91.sql;multi_block_queries_query054_58.sql;multi_block_queries_query054_0.sql;multi_block_queries_query054_33.sql;multi_block_queries_query054_77.sql;multi_block_queries_query054_81.sql;multi_block_queries_query054_54.sql;multi_block_queries_query054_27.sql;multi_block_queries_query054_34.sql;multi_block_queries_query054_59.sql;multi_block_queries_query054_86.sql;multi_block_queries_query054_93.sql;multi_block_queries_query054_82.sql;multi_block_queries_query054_3.sql;multi_block_queries_query054_10.sql;multi_block_queries_query054_39.sql;multi_block_queries_query054_78.sql;multi_block_queries_query054_94.sql;multi_block_queries_query054_88.sql;multi_block_queries_query054_1.sql;multi_block_queries_query054_6.sql;multi_block_queries_query054_11.sql;multi_block_queries_query054_26.sql;multi_block_queries_query054_7.sql;multi_block_queries_query054_55.sql;multi_block_queries_query054_85.sql;multi_block_queries_query054_13.sql;multi_block_queries_query054_48.sql;multi_block_queries_query054_61.sql;multi_block_queries_query054_98.sql;multi_block_queries_query054_96.sql;multi_block_queries_query054_84.sql;multi_block_queries_query054_56.sql;multi_block_queries_query054_95.sql;multi_block_queries_query054_21.sql;multi_block_queries_query054_46.sql;multi_block_queries_query054_51.sql;multi_block_queries_query054_31.sql;multi_block_queries_query054_70.sql;multi_block_queries_query054_87.sql;multi_block_queries_query054_99.sql;multi_block_queries_query054_72.sql;multi_block_queries_query054_83.sql;multi_block_queries_query054_65.sql;multi_block_queries_query054_5.sql;multi_block_queries_query054_69.sql;multi_block_queries_query054_35.sql;multi_block_queries_query054_57.sql;multi_block_queries_query054_2.sql;multi_block_queries_query054_45.sql;multi_block_queries_query054_60.sql;multi_block_queries_query054_52.sql;multi_block_queries_query054_14.sql;multi_block_queries_query054_74.sql;multi_block_queries_query054_90.sql;multi_block_queries_query054_19.sql;multi_block_queries_query054_37.sql;multi_block_queries_query054_43.sql;multi_block_queries_query054_47.sql;multi_block_queries_query054_22.sql;multi_block_queries_query054_24.sql;multi_block_queries_query054_40.sql;multi_block_queries_query054_67.sql;multi_block_queries_query054_32.sql,100
dsb_s100,PostgreSQL,37,multi_block_queries_query031_58.sql;multi_block_queries_query031_75.sql;multi_block_queries_query031_67.sql;multi_block_queries_query031_20.sql;multi_block_queries_query031_76.sql;multi_block_queries_query031_57.sql;multi_block_queries_query031_7.sql;multi_block_queries_query031_49.sql;multi_block_queries_query031_83.sql;multi_block_queries_query031_16.sql;multi_block_queries_query031_34.sql;multi_block_queries_query031_62.sql;multi_block_queries_query031_72.sql;multi_block_queries_query031_35.sql;multi_block_queries_query031_0.sql;multi_block_queries_query031_32.sql;multi_block_queries_query031_47.sql;multi_block_queries_query031_84.sql,18
dsb_s100,PostgreSQL,38,multi_block_queries_query001_40.sql;multi_block_queries_query001_7.sql;multi_block_queries_query001_10.sql;multi_block_queries_query001_51.sql;multi_block_queries_query001_61.sql;multi_block_queries_query001_75.sql;multi_block_queries_query001_12.sql;multi_block_queries_query001_46.sql;multi_block_queries_query001_76.sql;multi_block_queries_query001_82.sql;multi_block_queries_query001_38.sql;multi_block_queries_query001_87.sql;multi_block_queries_query001_9.sql;multi_block_queries_query001_89.sql;multi_block_queries_query001_57.sql;multi_block_queries_query001_8.sql,16
dsb_s100,PostgreSQL,39,multi_block_queries_query081_24.sql;multi_block_queries_query081_12.sql;multi_block_queries_query081_32.sql;multi_block_queries_query081_65.sql;multi_block_queries_query081_88.sql;multi_block_queries_query081_9.sql;multi_block_queries_query081_71.sql;multi_block_queries_query081_49.sql;multi_block_queries_query081_21.sql;multi_block_queries_query081_72.sql;multi_block_queries_query081_19.sql;multi_block_queries_query081_46.sql;multi_block_queries_query081_86.sql;multi_block_queries_query081_44.sql;multi_block_queries_query081_3.sql;multi_block_queries_query081_81.sql;multi_block_queries_query081_33.sql;multi_block_queries_query081_67.sql;multi_block_queries_query081_97.sql;multi_block_queries_query081_50.sql;multi_block_queries_query081_41.sql;multi_block_queries_query081_59.sql;multi_block_queries_query081_28.sql;multi_block_queries_query081_74.sql;multi_block_queries_query081_99.sql;multi_block_queries_query081_10.sql;multi_block_queries_query081_31.sql;multi_block_queries_query081_75.sql;multi_block_queries_query081_37.sql;multi_block_queries_query081_14.sql;multi_block_queries_query081_36.sql;multi_block_queries_query081_58.sql;multi_block_queries_query081_23.sql;multi_block_queries_query081_78.sql;multi_block_queries_query081_52.sql;multi_block_queries_query081_35.sql;multi_block_queries_query081_47.sql;multi_block_queries_query081_45.sql;multi_block_queries_query081_54.sql;multi_block_queries_query081_76.sql;multi_block_queries_query081_22.sql;multi_block_queries_query081_29.sql;multi_block_queries_query081_64.sql;multi_block_queries_query081_2.sql;multi_block_queries_query081_48.sql;multi_block_queries_query081_5.sql;multi_block_queries_query081_7.sql;multi_block_queries_query081_13.sql;multi_block_queries_query081_79.sql;multi_block_queries_query081_20.sql;multi_block_queries_query081_34.sql;multi_block_queries_query081_93.sql;multi_block_queries_query081_98.sql;multi_block_queries_query081_94.sql;multi_block_queries_query081_95.sql;multi_block_queries_query081_56.sql;multi_block_queries_query081_25.sql;multi_block_queries_query081_69.sql;multi_block_queries_query081_16.sql;multi_block_queries_query081_39.sql;multi_block_queries_query081_40.sql;multi_block_queries_query081_26.sql;multi_block_queries_query081_70.sql;multi_block_queries_query081_91.sql;multi_block_queries_query081_92.sql;multi_block_queries_query081_38.sql;multi_block_queries_query081_43.sql;multi_block_queries_query081_27.sql;multi_block_queries_query081_66.sql;multi_block_queries_query081_83.sql;multi_block_queries_query081_73.sql;multi_block_queries_query081_55.sql;multi_block_queries_query081_42.sql;multi_block_queries_query081_18.sql;multi_block_queries_query081_63.sql;multi_block_queries_query081_82.sql;multi_block_queries_query081_90.sql;multi_block_queries_query081_57.sql;multi_block_queries_query081_51.sql;multi_block_queries_query081_1.sql;multi_block_queries_query081_4.sql;multi_block_queries_query081_15.sql;multi_block_queries_query081_85.sql;multi_block_queries_query081_77.sql;multi_block_queries_query081_11.sql;multi_block_queries_query081_84.sql;multi_block_queries_query081_17.sql;multi_block_queries_query081_80.sql;multi_block_queries_query081_87.sql;multi_block_queries_query081_68.sql;multi_block_queries_query081_62.sql;multi_block_queries_query081_61.sql;multi_block_queries_query081_0.sql;multi_block_queries_query081_6.sql;multi_block_queries_query081_96.sql;multi_block_queries_query081_53.sql;multi_block_queries_query081_89.sql;multi_block_queries_query081_8.sql;multi_block_queries_query081_30.sql;multi_block_queries_query081_60.sql,100
dsb_s100,PostgreSQL,40,multi_block_queries_query001_17.sql;multi_block_queries_query001_71.sql;multi_block_queries_query001_5.sql;multi_block_queries_query001_72.sql;multi_block_queries_query001_68.sql;multi_block_queries_query001_27.sql;multi_block_queries_query001_65.sql;multi_block_queries_query001_66.sql;multi_block_queries_query001_59.sql;multi_block_queries_query001_88.sql;multi_block_queries_query001_69.sql;multi_block_queries_query001_54.sql;multi_block_queries_query001_79.sql;multi_block_queries_query001_0.sql;multi_block_queries_query001_44.sql;multi_block_queries_query001_94.sql,16
dsb_s100,PostgreSQL,41,spj_queries_query013_63.sql;spj_queries_query013_60.sql;spj_queries_query013_65.sql;spj_queries_query013_58.sql;spj_queries_query013_38.sql;spj_queries_query013_18.sql;spj_queries_query013_1.sql;spj_queries_query013_87.sql;spj_queries_query013_24.sql;spj_queries_query013_16.sql;spj_queries_query013_19.sql;spj_queries_query013_45.sql;spj_queries_query013_86.sql;spj_queries_query013_67.sql;spj_queries_query013_37.sql;spj_queries_query013_12.sql;spj_queries_query013_54.sql;spj_queries_query013_89.sql;spj_queries_query013_9.sql;spj_queries_query013_83.sql;spj_queries_query013_98.sql;spj_queries_query013_44.sql;spj_queries_query013_74.sql;spj_queries_query013_51.sql;spj_queries_query013_14.sql;spj_queries_query013_57.sql;spj_queries_query013_88.sql;spj_queries_query013_62.sql;spj_queries_query013_52.sql;spj_queries_query013_3.sql;spj_queries_query013_29.sql;spj_queries_query013_8.sql;spj_queries_query013_40.sql;spj_queries_query013_91.sql;spj_queries_query013_72.sql;spj_queries_query013_36.sql;spj_queries_query013_61.sql;spj_queries_query013_0.sql;spj_queries_query013_93.sql;spj_queries_query013_81.sql;spj_queries_query013_34.sql;spj_queries_query013_90.sql;spj_queries_query013_95.sql;spj_queries_query013_55.sql;spj_queries_query013_48.sql;spj_queries_query013_80.sql;spj_queries_query013_82.sql;spj_queries_query013_97.sql;spj_queries_query013_11.sql;spj_queries_query013_7.sql;spj_queries_query013_47.sql;spj_queries_query013_46.sql;spj_queries_query013_84.sql;spj_queries_query013_75.sql;spj_queries_query013_20.sql;spj_queries_query013_85.sql;spj_queries_query013_5.sql;spj_queries_query013_32.sql;spj_queries_query013_64.sql;spj_queries_query013_70.sql;spj_queries_query013_49.sql;spj_queries_query013_42.sql;spj_queries_query013_27.sql;spj_queries_query013_13.sql;spj_queries_query013_77.sql;spj_queries_query013_22.sql;spj_queries_query013_30.sql;spj_queries_query013_99.sql;spj_queries_query013_26.sql;spj_queries_query013_6.sql;spj_queries_query013_94.sql;spj_queries_query013_68.sql;spj_queries_query013_23.sql;spj_queries_query013_76.sql;spj_queries_query013_66.sql;spj_queries_query013_2.sql;spj_queries_query013_31.sql;spj_queries_query013_71.sql;spj_queries_query013_21.sql;spj_queries_query013_53.sql;spj_queries_query013_78.sql;spj_queries_query013_43.sql;spj_queries_query013_4.sql;spj_queries_query013_96.sql;spj_queries_query013_17.sql;spj_queries_query013_28.sql;spj_queries_query013_92.sql;spj_queries_query013_73.sql;spj_queries_query013_25.sql;spj_queries_query013_69.sql;spj_queries_query013_35.sql;spj_queries_query013_10.sql;spj_queries_query013_15.sql;spj_queries_query013_41.sql;spj_queries_query013_79.sql;spj_queries_query013_50.sql;spj_queries_query013_39.sql;spj_queries_query013_56.sql;spj_queries_query013_59.sql;spj_queries_query013_33.sql,100
dsb_s100,PostgreSQL,42,spj_queries_query040_60.sql;spj_queries_query040_69.sql;spj_queries_query040_21.sql;spj_queries_query040_91.sql;spj_queries_query040_92.sql;spj_queries_query040_70.sql;spj_queries_query040_0.sql;spj_queries_query040_35.sql;spj_queries_query040_52.sql;spj_queries_query040_10.sql;spj_queries_query040_58.sql;spj_queries_query040_42.sql;spj_queries_query040_12.sql;spj_queries_query040_54.sql;spj_queries_query040_62.sql;spj_queries_query040_30.sql;spj_queries_query040_72.sql;spj_queries_query040_87.sql;spj_queries_query040_61.sql;spj_queries_query040_77.sql;spj_queries_query040_80.sql;spj_queries_query040_8.sql;spj_queries_query040_16.sql;spj_queries_query040_83.sql;spj_queries_query040_38.sql;spj_queries_query040_22.sql;spj_queries_query040_98.sql;spj_queries_query040_86.sql;spj_queries_query040_19.sql;spj_queries_query040_17.sql;spj_queries_query040_56.sql;spj_queries_query040_24.sql;spj_queries_query040_39.sql;spj_queries_query040_4.sql;spj_queries_query040_50.sql;spj_queries_query040_45.sql;spj_queries_query040_3.sql;spj_queries_query040_89.sql;spj_queries_query040_76.sql;spj_queries_query040_74.sql;spj_queries_query040_59.sql;spj_queries_query040_73.sql;spj_queries_query040_41.sql;spj_queries_query040_94.sql;spj_queries_query040_36.sql;spj_queries_query040_33.sql;spj_queries_query040_97.sql;spj_queries_query040_14.sql;spj_queries_query040_71.sql;spj_queries_query040_29.sql;spj_queries_query040_49.sql;spj_queries_query040_44.sql;spj_queries_query040_85.sql;spj_queries_query040_55.sql;spj_queries_query040_93.sql;spj_queries_query040_34.sql;spj_queries_query040_11.sql;spj_queries_query040_67.sql;spj_queries_query040_88.sql;spj_queries_query040_46.sql;spj_queries_query040_75.sql;spj_queries_query040_18.sql;spj_queries_query040_15.sql;spj_queries_query040_5.sql;spj_queries_query040_13.sql;spj_queries_query040_57.sql;spj_queries_query040_95.sql;spj_queries_query040_32.sql;spj_queries_query040_27.sql;spj_queries_query040_2.sql;spj_queries_query040_25.sql;spj_queries_query040_84.sql;spj_queries_query040_28.sql;spj_queries_query040_90.sql;spj_queries_query040_48.sql;spj_queries_query040_23.sql;spj_queries_query040_78.sql;spj_queries_query040_53.sql;spj_queries_query040_65.sql;spj_queries_query040_66.sql;spj_queries_query040_37.sql;spj_queries_query040_31.sql;spj_queries_query040_99.sql;spj_queries_query040_20.sql;spj_queries_query040_7.sql;spj_queries_query040_1.sql;spj_queries_query040_82.sql;spj_queries_query040_40.sql;spj_queries_query040_9.sql;spj_queries_query040_68.sql;spj_queries_query040_79.sql;spj_queries_query040_64.sql;spj_queries_query040_51.sql;spj_queries_query040_26.sql;spj_queries_query040_43.sql;spj_queries_query040_96.sql;spj_queries_query040_47.sql;spj_queries_query040_81.sql;spj_queries_query040_63.sql;spj_queries_query040_6.sql,100
dsb_s100,PostgreSQL,43,spj_queries_query099_13.sql;spj_queries_query099_75.sql;spj_queries_query099_14.sql;spj_queries_query099_73.sql;spj_queries_query099_89.sql;spj_queries_query099_90.sql;spj_queries_query099_9.sql;spj_queries_query099_86.sql;spj_queries_query099_55.sql;spj_queries_query099_54.sql;spj_queries_query099_34.sql;spj_queries_query099_23.sql;spj_queries_query099_67.sql;spj_queries_query099_63.sql;spj_queries_query099_71.sql;spj_queries_query099_48.sql;spj_queries_query099_4.sql;spj_queries_query099_51.sql;spj_queries_query099_87.sql;spj_queries_query099_3.sql;spj_queries_query099_41.sql;spj_queries_query099_25.sql;spj_queries_query099_72.sql;spj_queries_query099_96.sql;spj_queries_query099_69.sql;spj_queries_query099_2.sql;spj_queries_query099_70.sql;spj_queries_query099_76.sql;spj_queries_query099_61.sql;spj_queries_query099_18.sql;spj_queries_query099_33.sql;spj_queries_query099_46.sql;spj_queries_query099_95.sql;spj_queries_query099_58.sql;spj_queries_query099_82.sql;spj_queries_query099_91.sql;spj_queries_query099_85.sql;spj_queries_query099_74.sql;spj_queries_query099_53.sql;spj_queries_query099_81.sql;spj_queries_query099_93.sql;spj_queries_query099_47.sql;spj_queries_query099_84.sql;spj_queries_query099_16.sql;spj_queries_query099_49.sql;spj_queries_query099_56.sql;spj_queries_query099_98.sql;spj_queries_query099_88.sql;spj_queries_query099_65.sql;spj_queries_query099_6.sql;spj_queries_query099_8.sql;spj_queries_query099_80.sql;spj_queries_query099_43.sql;spj_queries_query099_17.sql;spj_queries_query099_22.sql;spj_queries_query099_27.sql;spj_queries_query099_44.sql;spj_queries_query099_79.sql;spj_queries_query099_40.sql;spj_queries_query099_59.sql;spj_queries_query099_42.sql;spj_queries_query099_5.sql;spj_queries_query099_77.sql;spj_queries_query099_19.sql;spj_queries_query099_64.sql;spj_queries_query099_29.sql;spj_queries_query099_11.sql;spj_queries_query099_57.sql;spj_queries_query099_50.sql;spj_queries_query099_7.sql;spj_queries_query099_92.sql;spj_queries_query099_38.sql;spj_queries_query099_39.sql;spj_queries_query099_31.sql;spj_queries_query099_45.sql;spj_queries_query099_15.sql;spj_queries_query099_62.sql;spj_queries_query099_20.sql;spj_queries_query099_10.sql;spj_queries_query099_66.sql;spj_queries_query099_78.sql;spj_queries_query099_28.sql;spj_queries_query099_24.sql;spj_queries_query099_32.sql;spj_queries_query099_52.sql;spj_queries_query099_12.sql;spj_queries_query099_99.sql;spj_queries_query099_94.sql;spj_queries_query099_60.sql;spj_queries_query099_1.sql;spj_queries_query099_68.sql;spj_queries_query099_26.sql;spj_queries_query099_0.sql;spj_queries_query099_37.sql;spj_queries_query099_35.sql;spj_queries_query099_97.sql;spj_queries_query099_36.sql;spj_queries_query099_83.sql;spj_queries_query099_30.sql;spj_queries_query099_21.sql,100
dsb_s100,PostgreSQL,44,multi_block_queries_query031_44.sql;multi_block_queries_query031_8.sql;multi_block_queries_query031_92.sql;multi_block_queries_query031_9.sql;multi_block_queries_query031_51.sql;multi_block_queries_query031_27.sql;multi_block_queries_query031_53.sql;multi_block_queries_query031_3.sql;multi_block_queries_query031_36.sql;multi_block_queries_query031_54.sql;multi_block_queries_query031_70.sql;multi_block_queries_query031_94.sql;multi_block_queries_query031_43.sql;multi_block_queries_query031_96.sql;multi_block_queries_query031_42.sql;multi_block_queries_query031_66.sql;multi_block_queries_query031_52.sql;multi_block_queries_query031_12.sql;multi_block_queries_query031_50.sql;multi_block_queries_query031_63.sql,20
dsb_s100,PostgreSQL,45,multi_block_queries_query031_22.sql;multi_block_queries_query031_95.sql;multi_block_queries_query031_55.sql;multi_block_queries_query031_40.sql;multi_block_queries_query031_10.sql;multi_block_queries_query031_28.sql;multi_block_queries_query031_73.sql;multi_block_queries_query031_37.sql;multi_block_queries_query031_98.sql;multi_block_queries_query031_39.sql;multi_block_queries_query031_59.sql,11
dsb_s100,PostgreSQL,46,agg_queries_query084_23.sql;agg_queries_query084_47.sql;agg_queries_query084_37.sql;agg_queries_query084_45.sql;agg_queries_query084_43.sql;agg_queries_query084_30.sql;agg_queries_query084_25.sql;agg_queries_query084_91.sql;agg_queries_query084_64.sql;agg_queries_query084_12.sql;agg_queries_query084_54.sql;agg_queries_query084_20.sql;agg_queries_query084_60.sql;agg_queries_query084_80.sql;agg_queries_query084_78.sql;agg_queries_query084_11.sql;agg_queries_query084_59.sql;agg_queries_query084_92.sql;agg_queries_query084_83.sql;agg_queries_query084_87.sql;agg_queries_query084_84.sql;agg_queries_query084_33.sql;agg_queries_query084_14.sql;agg_queries_query084_26.sql;agg_queries_query084_0.sql;agg_queries_query084_49.sql;agg_queries_query084_24.sql;agg_queries_query084_79.sql;agg_queries_query084_35.sql;agg_queries_query084_53.sql;agg_queries_query084_40.sql;agg_queries_query084_56.sql;agg_queries_query084_71.sql;agg_queries_query084_55.sql;agg_queries_query084_89.sql;agg_queries_query084_85.sql;agg_queries_query084_65.sql;agg_queries_query084_70.sql;agg_queries_query084_77.sql;agg_queries_query084_94.sql;agg_queries_query084_99.sql;agg_queries_query084_29.sql;agg_queries_query084_41.sql;agg_queries_query084_18.sql;agg_queries_query084_9.sql;agg_queries_query084_73.sql;agg_queries_query084_13.sql;agg_queries_query084_95.sql;agg_queries_query084_27.sql;agg_queries_query084_19.sql;agg_queries_query084_69.sql;agg_queries_query084_34.sql;agg_queries_query084_66.sql;agg_queries_query084_88.sql;agg_queries_query084_86.sql;agg_queries_query084_82.sql;agg_queries_query084_74.sql;agg_queries_query084_93.sql;agg_queries_query084_76.sql;agg_queries_query084_62.sql;agg_queries_query084_42.sql;agg_queries_query084_57.sql;agg_queries_query084_10.sql;agg_queries_query084_8.sql;agg_queries_query084_1.sql;agg_queries_query084_98.sql;agg_queries_query084_61.sql;agg_queries_query084_50.sql;agg_queries_query084_68.sql;agg_queries_query084_5.sql;agg_queries_query084_90.sql;agg_queries_query084_51.sql;agg_queries_query084_16.sql;agg_queries_query084_31.sql;agg_queries_query084_75.sql;agg_queries_query084_28.sql;agg_queries_query084_67.sql;agg_queries_query084_72.sql;agg_queries_query084_22.sql;agg_queries_query084_46.sql;agg_queries_query084_44.sql;agg_queries_query084_7.sql;agg_queries_query084_63.sql;agg_queries_query084_52.sql;agg_queries_query084_81.sql;agg_queries_query084_15.sql;agg_queries_query084_4.sql;agg_queries_query084_58.sql;agg_queries_query084_32.sql;agg_queries_query084_2.sql;agg_queries_query084_96.sql;agg_queries_query084_48.sql;agg_queries_query084_21.sql;agg_queries_query084_6.sql;agg_queries_query084_38.sql;agg_queries_query084_36.sql;agg_queries_query084_39.sql;agg_queries_query084_3.sql;agg_queries_query084_17.sql;agg_queries_query084_97.sql,100
dsb_s100,PostgreSQL,47,agg_queries_query025_49.sql;agg_queries_query025_8.sql;agg_queries_query025_32.sql;agg_queries_query025_42.sql;agg_queries_query025_26.sql;agg_queries_query025_73.sql;agg_queries_query025_56.sql;agg_queries_query025_64.sql;agg_queries_query025_86.sql;agg_queries_query025_93.sql;agg_queries_query025_62.sql;agg_queries_query025_89.sql;agg_queries_query025_54.sql;agg_queries_query025_59.sql;agg_queries_query025_5.sql;agg_queries_query025_19.sql;agg_queries_query025_39.sql;agg_queries_query025_38.sql;agg_queries_query025_12.sql;agg_queries_query025_81.sql,20
dsb_s100,PostgreSQL,48,agg_queries_query027_7.sql;agg_queries_query027_54.sql;agg_queries_query027_80.sql;agg_queries_query027_42.sql;agg_queries_query027_86.sql;agg_queries_query027_37.sql;agg_queries_query027_71.sql;agg_queries_query027_47.sql;agg_queries_query027_43.sql;agg_queries_query027_9.sql;agg_queries_query027_38.sql;agg_queries_query027_5.sql;agg_queries_query027_12.sql;agg_queries_query027_39.sql;agg_queries_query027_69.sql;agg_queries_query027_49.sql;agg_queries_query027_36.sql;agg_queries_query027_75.sql;agg_queries_query027_25.sql;agg_queries_query027_73.sql;agg_queries_query027_15.sql;agg_queries_query027_40.sql;agg_queries_query027_35.sql;agg_queries_query027_51.sql;agg_queries_query027_21.sql;agg_queries_query027_26.sql;agg_queries_query027_27.sql;agg_queries_query027_44.sql;agg_queries_query027_95.sql;agg_queries_query027_63.sql;agg_queries_query027_79.sql;agg_queries_query027_6.sql;agg_queries_query027_64.sql;agg_queries_query027_84.sql;agg_queries_query027_11.sql;agg_queries_query027_1.sql;agg_queries_query027_46.sql;agg_queries_query027_52.sql;agg_queries_query027_94.sql;agg_queries_query027_32.sql;agg_queries_query027_23.sql;agg_queries_query027_30.sql;agg_queries_query027_90.sql;agg_queries_query027_2.sql;agg_queries_query027_16.sql;agg_queries_query027_93.sql;agg_queries_query027_55.sql;agg_queries_query027_17.sql;agg_queries_query027_0.sql;agg_queries_query027_61.sql;agg_queries_query027_31.sql;agg_queries_query027_81.sql;agg_queries_query027_50.sql;agg_queries_query027_77.sql;agg_queries_query027_96.sql;agg_queries_query027_4.sql;agg_queries_query027_3.sql;agg_queries_query027_74.sql;agg_queries_query027_56.sql;agg_queries_query027_22.sql;agg_queries_query027_62.sql;agg_queries_query027_89.sql;agg_queries_query027_8.sql;agg_queries_query027_60.sql;agg_queries_query027_48.sql;agg_queries_query027_70.sql;agg_queries_query027_19.sql;agg_queries_query027_83.sql;agg_queries_query027_53.sql;agg_queries_query027_66.sql;agg_queries_query027_98.sql;agg_queries_query027_29.sql;agg_queries_query027_78.sql;agg_queries_query027_82.sql;agg_queries_query027_20.sql;agg_queries_query027_76.sql;agg_queries_query027_59.sql;agg_queries_query027_58.sql;agg_queries_query027_91.sql;agg_queries_query027_45.sql;agg_queries_query027_67.sql;agg_queries_query027_68.sql;agg_queries_query027_87.sql;agg_queries_query027_92.sql;agg_queries_query027_65.sql;agg_queries_query027_85.sql;agg_queries_query027_72.sql;agg_queries_query027_88.sql;agg_queries_query027_34.sql;agg_queries_query027_18.sql;agg_queries_query027_33.sql;agg_queries_query027_99.sql;agg_queries_query027_10.sql;agg_queries_query027_57.sql;agg_queries_query027_97.sql;agg_queries_query027_14.sql;agg_queries_query027_24.sql;agg_queries_query027_13.sql;agg_queries_query027_41.sql;agg_queries_query027_28.sql,100
dsb_s100,PostgreSQL,49,agg_queries_query102_43.sql;agg_queries_query102_69.sql;agg_queries_query102_28.sql;agg_queries_query102_76.sql;agg_queries_query102_84.sql;agg_queries_query102_1.sql;agg_queries_query102_17.sql;agg_queries_query102_24.sql;agg_queries_query102_97.sql;agg_queries_query102_90.sql;agg_queries_query102_39.sql;agg_queries_query102_5.sql;agg_queries_query102_15.sql;agg_queries_query102_7.sql;agg_queries_query102_10.sql;agg_queries_query102_26.sql;agg_queries_query102_59.sql;agg_queries_query102_82.sql;agg_queries_query102_36.sql;agg_queries_query102_25.sql;agg_queries_query102_96.sql;agg_queries_query102_11.sql;agg_queries_query102_45.sql;agg_queries_query102_3.sql;agg_queries_query102_74.sql;agg_queries_query102_75.sql;agg_queries_query102_8.sql;agg_queries_query102_62.sql;agg_queries_query102_37.sql;agg_queries_query102_2.sql;agg_queries_query102_81.sql;agg_queries_query102_89.sql;agg_queries_query102_67.sql;agg_queries_query102_60.sql;agg_queries_query102_18.sql;agg_queries_query102_44.sql;agg_queries_query102_55.sql;agg_queries_query102_51.sql;agg_queries_query102_92.sql;agg_queries_query102_78.sql;agg_queries_query102_52.sql;agg_queries_query102_42.sql;agg_queries_query102_41.sql;agg_queries_query102_14.sql;agg_queries_query102_98.sql;agg_queries_query102_31.sql;agg_queries_query102_30.sql;agg_queries_query102_0.sql;agg_queries_query102_72.sql;agg_queries_query102_93.sql;agg_queries_query102_61.sql;agg_queries_query102_50.sql;agg_queries_query102_66.sql;agg_queries_query102_53.sql;agg_queries_query102_47.sql;agg_queries_query102_99.sql;agg_queries_query102_70.sql;agg_queries_query102_20.sql;agg_queries_query102_49.sql;agg_queries_query102_4.sql;agg_queries_query102_77.sql;agg_queries_query102_38.sql;agg_queries_query102_64.sql;agg_queries_query102_85.sql;agg_queries_query102_46.sql;agg_queries_query102_40.sql;agg_queries_query102_19.sql;agg_queries_query102_16.sql;agg_queries_query102_91.sql;agg_queries_query102_71.sql;agg_queries_query102_32.sql;agg_queries_query102_29.sql;agg_queries_query102_54.sql;agg_queries_query102_94.sql;agg_queries_query102_13.sql;agg_queries_query102_65.sql;agg_queries_query102_79.sql;agg_queries_query102_73.sql;agg_queries_query102_48.sql;agg_queries_query102_56.sql;agg_queries_query102_12.sql;agg_queries_query102_27.sql;agg_queries_query102_6.sql;agg_queries_query102_21.sql;agg_queries_query102_22.sql;agg_queries_query102_95.sql;agg_queries_query102_23.sql;agg_queries_query102_68.sql;agg_queries_query102_9.sql;agg_queries_query102_33.sql;agg_queries_query102_34.sql;agg_queries_query102_88.sql;agg_queries_query102_87.sql;agg_queries_query102_63.sql;agg_queries_query102_35.sql;agg_queries_query102_58.sql;agg_queries_query102_80.sql;agg_queries_query102_83.sql;agg_queries_query102_57.sql;agg_queries_query102_86.sql,100
dsb_s100,PostgreSQL,50,multi_block_queries_query038_80.sql,1
dsb_s100,PostgreSQL,51,multi_block_queries_query083_96.sql;multi_block_queries_query083_32.sql;multi_block_queries_query083_10.sql;multi_block_queries_query083_4.sql;multi_block_queries_query083_31.sql;multi_block_queries_query083_11.sql;multi_block_queries_query083_73.sql;multi_block_queries_query083_2.sql;multi_block_queries_query083_92.sql;multi_block_queries_query083_76.sql;multi_block_queries_query083_46.sql;multi_block_queries_query083_55.sql;multi_block_queries_query083_94.sql;multi_block_queries_query083_99.sql;multi_block_queries_query083_8.sql;multi_block_queries_query083_58.sql;multi_block_queries_query083_61.sql;multi_block_queries_query083_15.sql;multi_block_queries_query083_24.sql;multi_block_queries_query083_66.sql;multi_block_queries_query083_13.sql;multi_block_queries_query083_22.sql;multi_block_queries_query083_34.sql;multi_block_queries_query083_44.sql;multi_block_queries_query083_97.sql;multi_block_queries_query083_91.sql;multi_block_queries_query083_77.sql;multi_block_queries_query083_20.sql;multi_block_queries_query083_84.sql;multi_block_queries_query083_83.sql;multi_block_queries_query083_89.sql;multi_block_queries_query083_3.sql;multi_block_queries_query083_14.sql;multi_block_queries_query083_56.sql;multi_block_queries_query083_51.sql;multi_block_queries_query083_35.sql;multi_block_queries_query083_87.sql;multi_block_queries_query083_75.sql;multi_block_queries_query083_70.sql;multi_block_queries_query083_59.sql;multi_block_queries_query083_98.sql;multi_block_queries_query083_72.sql;multi_block_queries_query083_71.sql;multi_block_queries_query083_40.sql;multi_block_queries_query083_74.sql;multi_block_queries_query083_69.sql;multi_block_queries_query083_80.sql;multi_block_queries_query083_95.sql;multi_block_queries_query083_21.sql;multi_block_queries_query083_93.sql;multi_block_queries_query083_7.sql;multi_block_queries_query083_57.sql;multi_block_queries_query083_19.sql;multi_block_queries_query083_78.sql;multi_block_queries_query083_9.sql;multi_block_queries_query083_50.sql;multi_block_queries_query083_26.sql;multi_block_queries_query083_6.sql;multi_block_queries_query083_82.sql;multi_block_queries_query083_12.sql;multi_block_queries_query083_25.sql;multi_block_queries_query083_63.sql;multi_block_queries_query083_38.sql;multi_block_queries_query083_90.sql;multi_block_queries_query083_1.sql;multi_block_queries_query083_17.sql;multi_block_queries_query083_29.sql;multi_block_queries_query083_86.sql;multi_block_queries_query083_79.sql;multi_block_queries_query083_41.sql;multi_block_queries_query083_42.sql;multi_block_queries_query083_52.sql;multi_block_queries_query083_36.sql;multi_block_queries_query083_64.sql;multi_block_queries_query083_39.sql;multi_block_queries_query083_67.sql;multi_block_queries_query083_54.sql;multi_block_queries_query083_37.sql;multi_block_queries_query083_60.sql;multi_block_queries_query083_23.sql;multi_block_queries_query083_48.sql;multi_block_queries_query083_30.sql;multi_block_queries_query083_43.sql;multi_block_queries_query083_68.sql;multi_block_queries_query083_65.sql;multi_block_queries_query083_5.sql;multi_block_queries_query083_27.sql;multi_block_queries_query083_88.sql;multi_block_queries_query083_33.sql;multi_block_queries_query083_47.sql;multi_block_queries_query083_53.sql;multi_block_queries_query083_0.sql;multi_block_queries_query083_49.sql;multi_block_queries_query083_28.sql;multi_block_queries_query083_18.sql;multi_block_queries_query083_62.sql;multi_block_queries_query083_81.sql;multi_block_queries_query083_16.sql;multi_block_queries_query083_45.sql;multi_block_queries_query083_85.sql,100
dsb_s100,PostgreSQL,52,multi_block_queries_query031_65.sql;multi_block_queries_query031_31.sql;multi_block_queries_query031_88.sql;multi_block_queries_query031_69.sql;multi_block_queries_query031_1.sql;multi_block_queries_query031_48.sql;multi_block_queries_query031_99.sql;multi_block_queries_query031_23.sql;multi_block_queries_query031_45.sql;multi_block_queries_query031_89.sql;multi_block_queries_query031_86.sql;multi_block_queries_query031_19.sql;multi_block_queries_query031_4.sql;multi_block_queries_query031_87.sql,14
dsb_s100,PostgreSQL,53,spj_queries_query050_86.sql;spj_queries_query050_23.sql;spj_queries_query050_96.sql;spj_queries_query050_84.sql;spj_queries_query050_10.sql;spj_queries_query050_49.sql;spj_queries_query050_56.sql;spj_queries_query050_58.sql;spj_queries_query050_87.sql;spj_queries_query050_63.sql;spj_queries_query050_1.sql;spj_queries_query050_55.sql;spj_queries_query050_47.sql;spj_queries_query050_48.sql;spj_queries_query050_61.sql;spj_queries_query050_0.sql;spj_queries_query050_90.sql;spj_queries_query050_25.sql;spj_queries_query050_43.sql;spj_queries_query050_28.sql;spj_queries_query050_88.sql;spj_queries_query050_52.sql;spj_queries_query050_91.sql;spj_queries_query050_57.sql;spj_queries_query050_18.sql;spj_queries_query050_40.sql;spj_queries_query050_50.sql;spj_queries_query050_38.sql;spj_queries_query050_8.sql;spj_queries_query050_14.sql;spj_queries_query050_76.sql;spj_queries_query050_17.sql;spj_queries_query050_19.sql;spj_queries_query050_21.sql;spj_queries_query050_26.sql;spj_queries_query050_99.sql;spj_queries_query050_70.sql;spj_queries_query050_64.sql;spj_queries_query050_80.sql;spj_queries_query050_27.sql;spj_queries_query050_73.sql;spj_queries_query050_34.sql;spj_queries_query050_31.sql;spj_queries_query050_36.sql;spj_queries_query050_51.sql;spj_queries_query050_59.sql;spj_queries_query050_13.sql;spj_queries_query050_62.sql;spj_queries_query050_12.sql;spj_queries_query050_11.sql;spj_queries_query050_42.sql;spj_queries_query050_35.sql;spj_queries_query050_78.sql;spj_queries_query050_74.sql;spj_queries_query050_29.sql;spj_queries_query050_53.sql;spj_queries_query050_89.sql;spj_queries_query050_77.sql;spj_queries_query050_41.sql;spj_queries_query050_7.sql;spj_queries_query050_2.sql;spj_queries_query050_39.sql;spj_queries_query050_37.sql;spj_queries_query050_32.sql;spj_queries_query050_9.sql;spj_queries_query050_81.sql;spj_queries_query050_5.sql;spj_queries_query050_46.sql;spj_queries_query050_30.sql;spj_queries_query050_94.sql;spj_queries_query050_85.sql;spj_queries_query050_16.sql;spj_queries_query050_69.sql;spj_queries_query050_54.sql;spj_queries_query050_4.sql;spj_queries_query050_60.sql;spj_queries_query050_6.sql;spj_queries_query050_66.sql;spj_queries_query050_68.sql;spj_queries_query050_95.sql;spj_queries_query050_93.sql;spj_queries_query050_33.sql;spj_queries_query050_65.sql;spj_queries_query050_67.sql;spj_queries_query050_83.sql;spj_queries_query050_82.sql;spj_queries_query050_15.sql;spj_queries_query050_71.sql;spj_queries_query050_97.sql;spj_queries_query050_3.sql;spj_queries_query050_75.sql;spj_queries_query050_98.sql;spj_queries_query050_79.sql;spj_queries_query050_92.sql;spj_queries_query050_44.sql;spj_queries_query050_22.sql;spj_queries_query050_45.sql;spj_queries_query050_24.sql;spj_queries_query050_72.sql;spj_queries_query050_20.sql,100
dsb_s100,PostgreSQL,54,multi_block_queries_query001_60.sql;multi_block_queries_query001_32.sql;multi_block_queries_query001_77.sql;multi_block_queries_query001_45.sql;multi_block_queries_query001_11.sql;multi_block_queries_query001_96.sql;multi_block_queries_query001_30.sql;multi_block_queries_query001_73.sql;multi_block_queries_query001_83.sql;multi_block_queries_query001_16.sql;multi_block_queries_query001_31.sql;multi_block_queries_query001_47.sql;multi_block_queries_query001_70.sql;multi_block_queries_query001_24.sql;multi_block_queries_query001_33.sql;multi_block_queries_query001_14.sql;multi_block_queries_query001_21.sql;multi_block_queries_query001_80.sql;multi_block_queries_query001_50.sql;multi_block_queries_query001_90.sql;multi_block_queries_query001_53.sql;multi_block_queries_query001_64.sql;multi_block_queries_query001_67.sql,23
dsb_s100,PostgreSQL,55,spj_queries_query025_51.sql;spj_queries_query025_93.sql;spj_queries_query025_74.sql;spj_queries_query025_14.sql;spj_queries_query025_16.sql;spj_queries_query025_92.sql;spj_queries_query025_60.sql;spj_queries_query025_83.sql;spj_queries_query025_18.sql;spj_queries_query025_5.sql;spj_queries_query025_53.sql;spj_queries_query025_20.sql;spj_queries_query025_62.sql;spj_queries_query025_44.sql;spj_queries_query025_21.sql;spj_queries_query025_72.sql;spj_queries_query025_55.sql;spj_queries_query025_75.sql;spj_queries_query025_41.sql;spj_queries_query025_45.sql;spj_queries_query025_6.sql;spj_queries_query025_64.sql;spj_queries_query025_31.sql;spj_queries_query025_98.sql;spj_queries_query025_70.sql;spj_queries_query025_99.sql;spj_queries_query025_94.sql;spj_queries_query025_39.sql;spj_queries_query025_73.sql;spj_queries_query025_30.sql;spj_queries_query025_81.sql;spj_queries_query025_47.sql;spj_queries_query025_22.sql;spj_queries_query025_91.sql;spj_queries_query025_97.sql;spj_queries_query025_52.sql;spj_queries_query025_59.sql;spj_queries_query025_9.sql;spj_queries_query025_35.sql;spj_queries_query025_38.sql;spj_queries_query025_85.sql;spj_queries_query025_57.sql;spj_queries_query025_46.sql;spj_queries_query025_13.sql;spj_queries_query025_79.sql;spj_queries_query025_88.sql;spj_queries_query025_50.sql;spj_queries_query025_96.sql;spj_queries_query025_63.sql;spj_queries_query025_0.sql;spj_queries_query025_34.sql;spj_queries_query025_56.sql;spj_queries_query025_15.sql;spj_queries_query025_67.sql;spj_queries_query025_11.sql;spj_queries_query025_71.sql;spj_queries_query025_87.sql;spj_queries_query025_19.sql;spj_queries_query025_48.sql;spj_queries_query025_95.sql;spj_queries_query025_86.sql;spj_queries_query025_29.sql;spj_queries_query025_84.sql;spj_queries_query025_23.sql;spj_queries_query025_12.sql;spj_queries_query025_43.sql;spj_queries_query025_42.sql;spj_queries_query025_37.sql;spj_queries_query025_69.sql;spj_queries_query025_68.sql;spj_queries_query025_65.sql;spj_queries_query025_4.sql;spj_queries_query025_2.sql;spj_queries_query025_1.sql;spj_queries_query025_61.sql;spj_queries_query025_33.sql;spj_queries_query025_77.sql;spj_queries_query025_10.sql;spj_queries_query025_25.sql;spj_queries_query025_27.sql;spj_queries_query025_89.sql;spj_queries_query025_82.sql;spj_queries_query025_26.sql;spj_queries_query025_54.sql;spj_queries_query025_49.sql;spj_queries_query025_7.sql;spj_queries_query025_58.sql;spj_queries_query025_36.sql;spj_queries_query025_78.sql;spj_queries_query025_17.sql;spj_queries_query025_28.sql;spj_queries_query025_32.sql;spj_queries_query025_40.sql;spj_queries_query025_76.sql;spj_queries_query025_24.sql;spj_queries_query025_8.sql;spj_queries_query025_80.sql;spj_queries_query025_90.sql;spj_queries_query025_66.sql;spj_queries_query025_3.sql,100
dsb_s100,PostgreSQL,56,agg_queries_query013_51.sql;agg_queries_query013_40.sql;agg_queries_query013_22.sql;agg_queries_query013_41.sql;agg_queries_query013_90.sql;agg_queries_query013_71.sql;agg_queries_query013_23.sql;agg_queries_query013_74.sql;agg_queries_query013_16.sql;agg_queries_query013_5.sql;agg_queries_query013_93.sql;agg_queries_query013_98.sql;agg_queries_query013_8.sql;agg_queries_query013_54.sql;agg_queries_query013_68.sql;agg_queries_query013_66.sql;agg_queries_query013_47.sql;agg_queries_query013_14.sql;agg_queries_query013_55.sql;agg_queries_query013_81.sql;agg_queries_query013_24.sql;agg_queries_query013_26.sql;agg_queries_query013_96.sql;agg_queries_query013_57.sql;agg_queries_query013_11.sql;agg_queries_query013_3.sql;agg_queries_query013_20.sql;agg_queries_query013_44.sql;agg_queries_query013_64.sql;agg_queries_query013_76.sql;agg_queries_query013_91.sql;agg_queries_query013_33.sql;agg_queries_query013_37.sql;agg_queries_query013_94.sql;agg_queries_query013_4.sql;agg_queries_query013_83.sql;agg_queries_query013_12.sql;agg_queries_query013_77.sql;agg_queries_query013_84.sql;agg_queries_query013_89.sql;agg_queries_query013_45.sql;agg_queries_query013_36.sql;agg_queries_query013_63.sql;agg_queries_query013_72.sql;agg_queries_query013_35.sql;agg_queries_query013_42.sql;agg_queries_query013_62.sql;agg_queries_query013_18.sql;agg_queries_query013_97.sql;agg_queries_query013_27.sql;agg_queries_query013_52.sql;agg_queries_query013_49.sql;agg_queries_query013_86.sql;agg_queries_query013_21.sql;agg_queries_query013_75.sql;agg_queries_query013_85.sql;agg_queries_query013_34.sql;agg_queries_query013_50.sql;agg_queries_query013_80.sql;agg_queries_query013_87.sql;agg_queries_query013_56.sql;agg_queries_query013_88.sql;agg_queries_query013_31.sql;agg_queries_query013_95.sql;agg_queries_query013_10.sql;agg_queries_query013_92.sql;agg_queries_query013_2.sql;agg_queries_query013_73.sql;agg_queries_query013_48.sql;agg_queries_query013_99.sql;agg_queries_query013_53.sql;agg_queries_query013_17.sql;agg_queries_query013_67.sql;agg_queries_query013_30.sql;agg_queries_query013_19.sql;agg_queries_query013_65.sql;agg_queries_query013_43.sql;agg_queries_query013_32.sql;agg_queries_query013_39.sql;agg_queries_query013_82.sql;agg_queries_query013_60.sql;agg_queries_query013_59.sql;agg_queries_query013_58.sql;agg_queries_query013_25.sql;agg_queries_query013_79.sql;agg_queries_query013_61.sql;agg_queries_query013_69.sql;agg_queries_query013_0.sql;agg_queries_query013_7.sql;agg_queries_query013_29.sql;agg_queries_query013_28.sql;agg_queries_query013_46.sql;agg_queries_query013_15.sql;agg_queries_query013_1.sql;agg_queries_query013_38.sql;agg_queries_query013_9.sql;agg_queries_query013_70.sql;agg_queries_query013_78.sql;agg_queries_query013_6.sql;agg_queries_query013_13.sql,100
dsb_s100,PostgreSQL,57,spj_queries_query084_29.sql;spj_queries_query084_35.sql;spj_queries_query084_62.sql;spj_queries_query084_55.sql;spj_queries_query084_64.sql;spj_queries_query084_90.sql;spj_queries_query084_58.sql;spj_queries_query084_36.sql;spj_queries_query084_25.sql;spj_queries_query084_42.sql;spj_queries_query084_48.sql;spj_queries_query084_27.sql;spj_queries_query084_80.sql;spj_queries_query084_75.sql;spj_queries_query084_50.sql;spj_queries_query084_59.sql;spj_queries_query084_34.sql;spj_queries_query084_83.sql;spj_queries_query084_24.sql;spj_queries_query084_78.sql;spj_queries_query084_79.sql;spj_queries_query084_7.sql;spj_queries_query084_46.sql;spj_queries_query084_1.sql;spj_queries_query084_93.sql;spj_queries_query084_57.sql;spj_queries_query084_15.sql;spj_queries_query084_91.sql;spj_queries_query084_21.sql;spj_queries_query084_0.sql;spj_queries_query084_66.sql;spj_queries_query084_82.sql;spj_queries_query084_45.sql;spj_queries_query084_13.sql;spj_queries_query084_69.sql;spj_queries_query084_63.sql;spj_queries_query084_54.sql;spj_queries_query084_40.sql;spj_queries_query084_85.sql;spj_queries_query084_23.sql;spj_queries_query084_60.sql;spj_queries_query084_44.sql;spj_queries_query084_19.sql;spj_queries_query084_20.sql;spj_queries_query084_84.sql;spj_queries_query084_73.sql;spj_queries_query084_32.sql;spj_queries_query084_37.sql;spj_queries_query084_3.sql;spj_queries_query084_99.sql;spj_queries_query084_39.sql;spj_queries_query084_18.sql;spj_queries_query084_33.sql;spj_queries_query084_43.sql;spj_queries_query084_68.sql;spj_queries_query084_26.sql;spj_queries_query084_2.sql;spj_queries_query084_47.sql;spj_queries_query084_28.sql;spj_queries_query084_41.sql;spj_queries_query084_56.sql;spj_queries_query084_65.sql;spj_queries_query084_74.sql;spj_queries_query084_10.sql;spj_queries_query084_87.sql;spj_queries_query084_14.sql;spj_queries_query084_97.sql;spj_queries_query084_86.sql;spj_queries_query084_6.sql;spj_queries_query084_38.sql;spj_queries_query084_52.sql;spj_queries_query084_5.sql;spj_queries_query084_81.sql;spj_queries_query084_49.sql;spj_queries_query084_8.sql;spj_queries_query084_98.sql;spj_queries_query084_72.sql;spj_queries_query084_31.sql;spj_queries_query084_61.sql;spj_queries_query084_88.sql;spj_queries_query084_76.sql;spj_queries_query084_70.sql;spj_queries_query084_11.sql;spj_queries_query084_77.sql;spj_queries_query084_92.sql;spj_queries_query084_96.sql;spj_queries_query084_4.sql;spj_queries_query084_53.sql;spj_queries_query084_67.sql;spj_queries_query084_16.sql;spj_queries_query084_71.sql;spj_queries_query084_94.sql;spj_queries_query084_89.sql;spj_queries_query084_9.sql;spj_queries_query084_12.sql;spj_queries_query084_51.sql;spj_queries_query084_17.sql;spj_queries_query084_22.sql;spj_queries_query084_95.sql;spj_queries_query084_30.sql,100
dsb_s100,PostgreSQL,58,multi_block_queries_query058_31.sql;multi_block_queries_query058_60.sql;multi_block_queries_query058_49.sql;multi_block_queries_query058_25.sql;multi_block_queries_query058_80.sql;multi_block_queries_query058_61.sql;multi_block_queries_query058_15.sql;multi_block_queries_query058_53.sql;multi_block_queries_query058_28.sql;multi_block_queries_query058_42.sql;multi_block_queries_query058_78.sql;multi_block_queries_query058_88.sql;multi_block_queries_query058_0.sql;multi_block_queries_query058_64.sql;multi_block_queries_query058_45.sql;multi_block_queries_query058_43.sql;multi_block_queries_query058_22.sql;multi_block_queries_query058_2.sql;multi_block_queries_query058_83.sql;multi_block_queries_query058_37.sql;multi_block_queries_query058_58.sql;multi_block_queries_query058_93.sql;multi_block_queries_query058_91.sql;multi_block_queries_query058_30.sql;multi_block_queries_query058_7.sql;multi_block_queries_query058_72.sql;multi_block_queries_query058_92.sql;multi_block_queries_query058_56.sql;multi_block_queries_query058_27.sql;multi_block_queries_query058_4.sql;multi_block_queries_query058_29.sql;multi_block_queries_query058_39.sql;multi_block_queries_query058_1.sql;multi_block_queries_query058_73.sql;multi_block_queries_query058_38.sql;multi_block_queries_query058_84.sql;multi_block_queries_query058_8.sql;multi_block_queries_query058_41.sql;multi_block_queries_query058_9.sql;multi_block_queries_query058_69.sql;multi_block_queries_query058_57.sql;multi_block_queries_query058_85.sql;multi_block_queries_query058_59.sql;multi_block_queries_query058_74.sql;multi_block_queries_query058_26.sql;multi_block_queries_query058_71.sql;multi_block_queries_query058_98.sql;multi_block_queries_query058_86.sql;multi_block_queries_query058_24.sql;multi_block_queries_query058_82.sql;multi_block_queries_query058_90.sql;multi_block_queries_query058_52.sql;multi_block_queries_query058_12.sql;multi_block_queries_query058_89.sql;multi_block_queries_query058_77.sql;multi_block_queries_query058_20.sql;multi_block_queries_query058_99.sql;multi_block_queries_query058_17.sql;multi_block_queries_query058_94.sql;multi_block_queries_query058_81.sql;multi_block_queries_query058_76.sql;multi_block_queries_query058_34.sql;multi_block_queries_query058_5.sql;multi_block_queries_query058_75.sql;multi_block_queries_query058_97.sql;multi_block_queries_query058_70.sql;multi_block_queries_query058_63.sql;multi_block_queries_query058_16.sql;multi_block_queries_query058_33.sql;multi_block_queries_query058_67.sql;multi_block_queries_query058_36.sql;multi_block_queries_query058_65.sql;multi_block_queries_query058_54.sql;multi_block_queries_query058_35.sql;multi_block_queries_query058_95.sql;multi_block_queries_query058_51.sql;multi_block_queries_query058_79.sql;multi_block_queries_query058_13.sql;multi_block_queries_query058_40.sql;multi_block_queries_query058_62.sql;multi_block_queries_query058_23.sql;multi_block_queries_query058_11.sql;multi_block_queries_query058_47.sql;multi_block_queries_query058_87.sql;multi_block_queries_query058_10.sql;multi_block_queries_query058_46.sql;multi_block_queries_query058_18.sql;multi_block_queries_query058_19.sql;multi_block_queries_query058_50.sql;multi_block_queries_query058_66.sql;multi_block_queries_query058_3.sql;multi_block_queries_query058_96.sql;multi_block_queries_query058_14.sql;multi_block_queries_query058_21.sql;multi_block_queries_query058_55.sql;multi_block_queries_query058_44.sql;multi_block_queries_query058_48.sql;multi_block_queries_query058_6.sql;multi_block_queries_query058_32.sql;multi_block_queries_query058_68.sql,100
dsb_s100,PostgreSQL,59,agg_queries_query025_83.sql;agg_queries_query025_97.sql;agg_queries_query025_27.sql;agg_queries_query025_7.sql;agg_queries_query025_65.sql;agg_queries_query025_52.sql;agg_queries_query025_9.sql;agg_queries_query025_82.sql;agg_queries_query025_91.sql;agg_queries_query025_70.sql;agg_queries_query025_1.sql;agg_queries_query025_96.sql;agg_queries_query025_58.sql;agg_queries_query025_88.sql;agg_queries_query025_23.sql,15
dsb_s100,PostgreSQL,60,multi_block_queries_query031_21.sql;multi_block_queries_query031_60.sql;multi_block_queries_query031_5.sql;multi_block_queries_query031_46.sql;multi_block_queries_query031_24.sql;multi_block_queries_query031_97.sql;multi_block_queries_query031_74.sql;multi_block_queries_query031_14.sql;multi_block_queries_query031_61.sql;multi_block_queries_query031_81.sql;multi_block_queries_query031_91.sql;multi_block_queries_query031_25.sql;multi_block_queries_query031_71.sql;multi_block_queries_query031_30.sql;multi_block_queries_query031_33.sql;multi_block_queries_query031_68.sql;multi_block_queries_query031_82.sql;multi_block_queries_query031_6.sql;multi_block_queries_query031_90.sql;multi_block_queries_query031_13.sql;multi_block_queries_query031_93.sql,21
dsb_s100,PostgreSQL,61,agg_queries_query025_46.sql;agg_queries_query025_79.sql;agg_queries_query025_74.sql;agg_queries_query025_84.sql;agg_queries_query025_16.sql;agg_queries_query025_33.sql;agg_queries_query025_25.sql;agg_queries_query025_18.sql;agg_queries_query025_11.sql;agg_queries_query025_15.sql;agg_queries_query025_75.sql;agg_queries_query025_28.sql;agg_queries_query025_50.sql;agg_queries_query025_60.sql;agg_queries_query025_3.sql;agg_queries_query025_41.sql;agg_queries_query025_61.sql;agg_queries_query025_53.sql;agg_queries_query025_21.sql;agg_queries_query025_68.sql,20
dsb_s100,PostgreSQL,62,spj_queries_query101_70.sql;spj_queries_query101_57.sql;spj_queries_query101_0.sql;spj_queries_query101_89.sql;spj_queries_query101_35.sql;spj_queries_query101_62.sql;spj_queries_query101_95.sql;spj_queries_query101_1.sql;spj_queries_query101_78.sql;spj_queries_query101_86.sql;spj_queries_query101_48.sql;spj_queries_query101_4.sql;spj_queries_query101_45.sql;spj_queries_query101_41.sql;spj_queries_query101_55.sql;spj_queries_query101_84.sql;spj_queries_query101_24.sql;spj_queries_query101_18.sql;spj_queries_query101_44.sql;spj_queries_query101_21.sql;spj_queries_query101_28.sql;spj_queries_query101_6.sql;spj_queries_query101_90.sql;spj_queries_query101_83.sql;spj_queries_query101_2.sql;spj_queries_query101_22.sql;spj_queries_query101_49.sql;spj_queries_query101_91.sql;spj_queries_query101_80.sql;spj_queries_query101_20.sql;spj_queries_query101_16.sql;spj_queries_query101_64.sql;spj_queries_query101_51.sql;spj_queries_query101_68.sql;spj_queries_query101_17.sql;spj_queries_query101_34.sql;spj_queries_query101_5.sql;spj_queries_query101_46.sql;spj_queries_query101_75.sql;spj_queries_query101_66.sql;spj_queries_query101_15.sql;spj_queries_query101_65.sql;spj_queries_query101_37.sql;spj_queries_query101_29.sql;spj_queries_query101_71.sql;spj_queries_query101_85.sql;spj_queries_query101_26.sql;spj_queries_query101_87.sql;spj_queries_query101_23.sql;spj_queries_query101_79.sql;spj_queries_query101_74.sql;spj_queries_query101_76.sql;spj_queries_query101_60.sql;spj_queries_query101_98.sql;spj_queries_query101_38.sql;spj_queries_query101_81.sql;spj_queries_query101_92.sql;spj_queries_query101_99.sql;spj_queries_query101_93.sql;spj_queries_query101_58.sql;spj_queries_query101_96.sql;spj_queries_query101_31.sql;spj_queries_query101_47.sql;spj_queries_query101_82.sql;spj_queries_query101_30.sql;spj_queries_query101_8.sql;spj_queries_query101_36.sql;spj_queries_query101_59.sql;spj_queries_query101_12.sql;spj_queries_query101_13.sql;spj_queries_query101_11.sql;spj_queries_query101_40.sql;spj_queries_query101_25.sql;spj_queries_query101_39.sql;spj_queries_query101_27.sql;spj_queries_query101_63.sql;spj_queries_query101_42.sql;spj_queries_query101_14.sql;spj_queries_query101_61.sql;spj_queries_query101_73.sql;spj_queries_query101_43.sql;spj_queries_query101_32.sql;spj_queries_query101_19.sql;spj_queries_query101_7.sql;spj_queries_query101_67.sql;spj_queries_query101_94.sql;spj_queries_query101_52.sql;spj_queries_query101_97.sql;spj_queries_query101_3.sql;spj_queries_query101_9.sql;spj_queries_query101_53.sql;spj_queries_query101_72.sql;spj_queries_query101_88.sql;spj_queries_query101_77.sql;spj_queries_query101_50.sql;spj_queries_query101_56.sql;spj_queries_query101_54.sql;spj_queries_query101_33.sql;spj_queries_query101_69.sql;spj_queries_query101_10.sql,100
dsb_s100,PostgreSQL,63,agg_queries_query025_14.sql;agg_queries_query025_67.sql;agg_queries_query025_34.sql;agg_queries_query025_76.sql;agg_queries_query025_63.sql;agg_queries_query025_30.sql;agg_queries_query025_44.sql;agg_queries_query025_17.sql;agg_queries_query025_92.sql;agg_queries_query025_80.sql;agg_queries_query025_2.sql;agg_queries_query025_4.sql;agg_queries_query025_13.sql;agg_queries_query025_48.sql;agg_queries_query025_29.sql;agg_queries_query025_71.sql;agg_queries_query025_90.sql;agg_queries_query025_99.sql;agg_queries_query025_36.sql;agg_queries_query025_85.sql;agg_queries_query025_47.sql;agg_queries_query025_22.sql;agg_queries_query025_51.sql;agg_queries_query025_24.sql,24
dsb_s100,PostgreSQL,64,agg_queries_query025_69.sql;agg_queries_query025_77.sql;agg_queries_query025_0.sql;agg_queries_query025_57.sql;agg_queries_query025_87.sql;agg_queries_query025_6.sql;agg_queries_query025_20.sql;agg_queries_query025_45.sql;agg_queries_query025_31.sql;agg_queries_query025_72.sql;agg_queries_query025_37.sql;agg_queries_query025_66.sql;agg_queries_query025_40.sql;agg_queries_query025_55.sql;agg_queries_query025_43.sql;agg_queries_query025_98.sql;agg_queries_query025_95.sql;agg_queries_query025_78.sql;agg_queries_query025_10.sql;agg_queries_query025_35.sql;agg_queries_query025_94.sql,21
dsb_s100,PostgreSQL,65,multi_block_queries_query001_97.sql;multi_block_queries_query001_98.sql;multi_block_queries_query001_62.sql;multi_block_queries_query001_34.sql;multi_block_queries_query001_28.sql,5
dsb_s100,PostgreSQL,66,multi_block_queries_query014_84.sql;multi_block_queries_query014_41.sql;multi_block_queries_query014_61.sql;multi_block_queries_query014_93.sql;multi_block_queries_query014_79.sql;multi_block_queries_query014_73.sql;multi_block_queries_query014_77.sql;multi_block_queries_query014_32.sql;multi_block_queries_query014_7.sql;multi_block_queries_query014_49.sql;multi_block_queries_query014_6.sql;multi_block_queries_query014_96.sql;multi_block_queries_query014_4.sql;multi_block_queries_query014_26.sql;multi_block_queries_query014_78.sql;multi_block_queries_query014_40.sql;multi_block_queries_query014_63.sql;multi_block_queries_query014_76.sql;multi_block_queries_query014_58.sql;multi_block_queries_query014_5.sql;multi_block_queries_query014_89.sql;multi_block_queries_query014_99.sql;multi_block_queries_query014_83.sql;multi_block_queries_query014_11.sql;multi_block_queries_query014_33.sql;multi_block_queries_query014_0.sql,26
dsb_s100,PostgreSQL,67,multi_block_queries_query031_56.sql;multi_block_queries_query031_64.sql;multi_block_queries_query031_85.sql;multi_block_queries_query031_11.sql;multi_block_queries_query031_26.sql;multi_block_queries_query031_2.sql;multi_block_queries_query031_79.sql;multi_block_queries_query031_77.sql;multi_block_queries_query031_15.sql;multi_block_queries_query031_17.sql;multi_block_queries_query031_80.sql;multi_block_queries_query031_78.sql;multi_block_queries_query031_41.sql;multi_block_queries_query031_18.sql;multi_block_queries_query031_38.sql;multi_block_queries_query031_29.sql,16
dsb_s100,PostgreSQL,68,multi_block_queries_query014_14.sql;multi_block_queries_query014_75.sql;multi_block_queries_query014_28.sql;multi_block_queries_query014_95.sql;multi_block_queries_query014_38.sql;multi_block_queries_query014_29.sql;multi_block_queries_query014_70.sql;multi_block_queries_query014_37.sql;multi_block_queries_query014_81.sql;multi_block_queries_query014_25.sql;multi_block_queries_query014_44.sql;multi_block_queries_query014_94.sql,12
dsb_s100,PostgreSQL,69,multi_block_queries_query001_78.sql;multi_block_queries_query001_4.sql;multi_block_queries_query001_6.sql;multi_block_queries_query001_26.sql;multi_block_queries_query001_1.sql;multi_block_queries_query001_36.sql;multi_block_queries_query001_55.sql;multi_block_queries_query001_48.sql;multi_block_queries_query001_22.sql;multi_block_queries_query001_58.sql;multi_block_queries_query001_81.sql;multi_block_queries_query001_15.sql;multi_block_queries_query001_42.sql;multi_block_queries_query001_13.sql;multi_block_queries_query001_19.sql;multi_block_queries_query001_23.sql;multi_block_queries_query001_93.sql;multi_block_queries_query001_95.sql;multi_block_queries_query001_18.sql;multi_block_queries_query001_39.sql,20
dsb_s100,PostgreSQL,70,multi_block_queries_query038_85.sql;multi_block_queries_query038_53.sql;multi_block_queries_query038_74.sql;multi_block_queries_query038_76.sql;multi_block_queries_query038_14.sql;multi_block_queries_query038_91.sql,6
dsb_s100,PostgreSQL,71,multi_block_queries_query001_86.sql;multi_block_queries_query001_56.sql;multi_block_queries_query001_84.sql;multi_block_queries_query001_74.sql;multi_block_queries_query001_92.sql;multi_block_queries_query001_29.sql;multi_block_queries_query001_52.sql;multi_block_queries_query001_49.sql,8
dsb_s100,PostgreSQL,72,multi_block_queries_query001_3.sql;multi_block_queries_query001_20.sql;multi_block_queries_query001_2.sql;multi_block_queries_query001_99.sql;multi_block_queries_query001_85.sql;multi_block_queries_query001_25.sql;multi_block_queries_query001_63.sql;multi_block_queries_query001_37.sql;multi_block_queries_query001_43.sql;multi_block_queries_query001_41.sql;multi_block_queries_query001_35.sql;multi_block_queries_query001_91.sql,12
dsb_s100,PostgreSQL,73,multi_block_queries_query014_39.sql,1
